119514,3190,55285,109431,120573,RP11-575L7.1,RP13-383K5.1,HNRNPK,RBM41,CSBP|HNRPK|TUNP,-,Two-hybrid,physical,Rual JF (2005),16189514,9606,9606,High Throughput,-,-,-,-,-,"BIOGRID
"
119548,3190,26505,109431,117712,RP11-575L7.1,-,HNRNPK,CNNM3,CSBP|HNRPK|TUNP,ACDP3,Two-hybrid,physical,Rual JF (2005),16189514,9606,9606,High Throughput,-,-,-,-,-,"BIOGRID
"
119872,3190,9402,109431,114799,RP11-575L7.1,RP3-370M22.1,HNRNPK,GRAP2,CSBP|HNRPK|TUNP,GADS|GRAP-2|GRB2L|GRBLG|GRID|GRPL|GrbX|Grf40|Mona|P38,Two-hybrid,physical,Rual JF (2005),16189514,9606,9606,High Throughput,-,-,-,-,-,"BIOGRID
"
119882,3190,3190,109431,109431,RP11-575L7.1,RP11-575L7.1,HNRNPK,HNRNPK,CSBP|HNRPK|TUNP,CSBP|HNRPK|TUNP,Two-hybrid,physical,Rual JF (2005),16189514,9606,9606,High Throughput,-,-,-,-,-,"BIOGRID
"
119882,3190,3190,109431,109431,RP11-575L7.1,RP11-575L7.1,HNRNPK,HNRNPK,CSBP|HNRPK|TUNP,CSBP|HNRPK|TUNP,Two-hybrid,physical,Rual JF (2005),16189514,9606,9606,High Throughput,-,-,-,-,-,"BIOGRID
"
120169,3190,9782,109431,115126,RP11-575L7.1,-,HNRNPK,MATR3,CSBP|HNRPK|TUNP,ALS21|MPD2|VCPDM,Two-hybrid,physical,Rual JF (2005),16189514,9606,9606,High Throughput,-,-,-,-,-,"BIOGRID
"
120432,3190,79171,109431,122588,RP11-575L7.1,-,HNRNPK,RBM42,CSBP|HNRPK|TUNP,-,Two-hybrid,physical,Rual JF (2005),16189514,9606,9606,High Throughput,-,-,-,-,-,"BIOGRID
"
120485,3190,10179,109431,115478,RP11-575L7.1,-,HNRNPK,RBM7,CSBP|HNRPK|TUNP,-,Two-hybrid,physical,Rual JF (2005),16189514,9606,9606,High Throughput,-,-,-,-,-,"BIOGRID
"
120958,3190,56654,109431,121167,RP11-575L7.1,RP11-229P13.1,HNRNPK,NPDC1,CSBP|HNRPK|TUNP,CAB|CAB-|CAB-1|CAB1|NPDC-1,Two-hybrid,physical,Rual JF (2005),16189514,9606,9606,High Throughput,-,-,-,-,-,"BIOGRID
"
121278,3190,10656,109431,115899,RP11-575L7.1,-,HNRNPK,KHDRBS3,CSBP|HNRPK|TUNP,Etle|SALP|SLM-2|SLM2|T-STAR|TSTAR|etoile,Two-hybrid,physical,Rual JF (2005),16189514,9606,9606,High Throughput,-,-,-,-,-,"BIOGRID
"
121279,3190,202559,109431,128436,RP11-575L7.1,RP1-240B8.3,HNRNPK,KHDRBS2,CSBP|HNRPK|TUNP,SLM-1|SLM1|bA535F17.1,Two-hybrid,physical,Rual JF (2005),16189514,9606,9606,High Throughput,-,-,-,-,-,"BIOGRID
"
121676,3190,27316,109431,118134,RP11-575L7.1,RP11-1114A5.1,HNRNPK,RBMX,CSBP|HNRPK|TUNP,HNRNPG|HNRPG|RBMXP1|RBMXRT|RNMX|hnRNP-G,Two-hybrid,physical,Rual JF (2005),16189514,9606,9606,High Throughput,-,-,-,-,-,"BIOGRID
"
121787,3190,9444,109431,114834,RP11-575L7.1,-,HNRNPK,QKI,CSBP|HNRPK|TUNP,Hqk|QK|QK1|QK3|hqkI,Two-hybrid,physical,Rual JF (2005),16189514,9606,9606,High Throughput,-,-,-,-,-,"BIOGRID
"
121863,3190,10174,109431,115475,RP11-575L7.1,-,HNRNPK,SORBS3,CSBP|HNRPK|TUNP,SCAM-1|SCAM1|SH3D4,Two-hybrid,physical,Rual JF (2005),16189514,9606,9606,High Throughput,-,-,-,-,-,"BIOGRID
"
121982,3190,7329,109431,113177,RP11-575L7.1,LA16c-358B7.1,HNRNPK,UBE2I,CSBP|HNRPK|TUNP,C358B7.1|P18|UBC9,Two-hybrid,physical,Rual JF (2005),16189514,9606,9606,High Throughput,-,-,-,-,-,"BIOGRID
"
122129,3190,8440,109431,114020,RP11-575L7.1,-,HNRNPK,NCK2,CSBP|HNRPK|TUNP,GRB4|NCKbeta,Two-hybrid,physical,Rual JF (2005),16189514,9606,9606,High Throughput,-,-,-,-,-,"BIOGRID
"
196623,3190,11083,109431,116266,RP11-575L7.1,RP5-885L7.1,HNRNPK,DIDO1,CSBP|HNRPK|TUNP,BYE1|C20orf158|DATF-1|DATF1|DIDO2|DIDO3|DIO-1|DIO1|dJ885L7.8,Two-hybrid,physical,Rual JF (2005),16189514,9606,9606,High Throughput,-,-,-,-,-,"BIOGRID
"
263826,3190,3276,109431,109512,RP11-575L7.1,-,HNRNPK,PRMT1,CSBP|HNRPK|TUNP,ANM1|HCP1|HRMT1L2|IR1B4,Affinity Capture-Western,physical,Cote J (2003),12529443,9606,9606,Low Throughput,-,-,-,-,-,"BIOGRID
"
263849,3276,3190,109512,109431,-,RP11-575L7.1,PRMT1,HNRNPK,ANM1|HCP1|HRMT1L2|IR1B4,CSBP|HNRPK|TUNP,Biochemical Activity,physical,Wada K (2002),12183049,9606,9606,Low Throughput,-,Methylation,-,-,-,"BIOGRID
"
277886,3190,1653,109431,108019,RP11-575L7.1,-,HNRNPK,DDX1,CSBP|HNRPK|TUNP,DBP-RB|UKVH5d,Co-purification,physical,Chen HC (2002),12183465,9606,9606,Low Throughput,-,-,-,-,-,"BIOGRID
"
277887,3190,1653,109431,108019,RP11-575L7.1,-,HNRNPK,DDX1,CSBP|HNRPK|TUNP,DBP-RB|UKVH5d,Reconstituted Complex,physical,Chen HC (2002),12183465,9606,9606,Low Throughput,-,-,-,-,-,"BIOGRID
"
277888,3190,1653,109431,108019,RP11-575L7.1,-,HNRNPK,DDX1,CSBP|HNRPK|TUNP,DBP-RB|UKVH5d,Affinity Capture-Western,physical,Chen HC (2002),12183465,9606,9606,Low Throughput,-,-,-,-,-,"BIOGRID
"
277889,1653,3190,108019,109431,-,RP11-575L7.1,DDX1,HNRNPK,DBP-RB|UKVH5d,CSBP|HNRPK|TUNP,Reconstituted Complex,physical,Chen HC (2002),12183465,9606,9606,Low Throughput,-,-,-,-,-,"BIOGRID
"
278080,5094,3190,111127,109431,-,RP11-575L7.1,PCBP2,HNRNPK,HNRNPE2|HNRPE2|hnRNP-E2,CSBP|HNRPK|TUNP,Two-hybrid,physical,Kim JH (2000),10772858,9606,9606,Low Throughput,-,-,-,-,-,"BIOGRID
"
278084,5725,3190,111697,109431,-,RP11-575L7.1,PTBP1,HNRNPK,HNRNP-I|HNRNPI|HNRPI|PTB|PTB-1|PTB-T|PTB2|PTB3|PTB4|pPTB,CSBP|HNRPK|TUNP,Two-hybrid,physical,Kim JH (2000),10772858,9606,9606,Low Throughput,-,-,-,-,-,"BIOGRID
"
278086,3190,5094,109431,111127,RP11-575L7.1,-,HNRNPK,PCBP2,CSBP|HNRPK|TUNP,HNRNPE2|HNRPE2|hnRNP-E2,Two-hybrid,physical,Kim JH (2000),10772858,9606,9606,Low Throughput,-,-,-,-,-,"BIOGRID
"
278087,3190,5725,109431,111697,RP11-575L7.1,-,HNRNPK,PTBP1,CSBP|HNRPK|TUNP,HNRNP-I|HNRNPI|HNRPI|PTB|PTB-1|PTB-T|PTB2|PTB3|PTB4|pPTB,Two-hybrid,physical,Kim JH (2000),10772858,9606,9606,Low Throughput,-,-,-,-,-,"BIOGRID
"
278088,3190,3190,109431,109431,RP11-575L7.1,RP11-575L7.1,HNRNPK,HNRNPK,CSBP|HNRPK|TUNP,CSBP|HNRPK|TUNP,Two-hybrid,physical,Kim JH (2000),10772858,9606,9606,Low Throughput,-,-,-,-,-,"BIOGRID
"
278088,3190,3190,109431,109431,RP11-575L7.1,RP11-575L7.1,HNRNPK,HNRNPK,CSBP|HNRPK|TUNP,CSBP|HNRPK|TUNP,Two-hybrid,physical,Kim JH (2000),10772858,9606,9606,Low Throughput,-,-,-,-,-,"BIOGRID
"
278089,3190,3191,109431,109432,RP11-575L7.1,P/OKcl.14,HNRNPK,HNRNPL,CSBP|HNRPK|TUNP,HNRPL|hnRNP-L,Two-hybrid,physical,Kim JH (2000),10772858,9606,9606,Low Throughput,-,-,-,-,-,"BIOGRID
"
278092,3191,3190,109432,109431,P/OKcl.14,RP11-575L7.1,HNRNPL,HNRNPK,HNRPL|hnRNP-L,CSBP|HNRPK|TUNP,Two-hybrid,physical,Kim JH (2000),10772858,9606,9606,Low Throughput,-,-,-,-,-,"BIOGRID
"
278096,5094,3190,111127,109431,-,RP11-575L7.1,PCBP2,HNRNPK,HNRNPE2|HNRPE2|hnRNP-E2,CSBP|HNRPK|TUNP,Reconstituted Complex,physical,Kim JH (2000),10772858,9606,9606,Low Throughput,-,-,-,-,-,"BIOGRID
"
278100,5725,3190,111697,109431,-,RP11-575L7.1,PTBP1,HNRNPK,HNRNP-I|HNRNPI|HNRPI|PTB|PTB-1|PTB-T|PTB2|PTB3|PTB4|pPTB,CSBP|HNRPK|TUNP,Reconstituted Complex,physical,Kim JH (2000),10772858,9606,9606,Low Throughput,-,-,-,-,-,"BIOGRID
"
278102,3190,5094,109431,111127,RP11-575L7.1,-,HNRNPK,PCBP2,CSBP|HNRPK|TUNP,HNRNPE2|HNRPE2|hnRNP-E2,Reconstituted Complex,physical,Kim JH (2000),10772858,9606,9606,Low Throughput,-,-,-,-,-,"BIOGRID
"
278103,3190,5725,109431,111697,RP11-575L7.1,-,HNRNPK,PTBP1,CSBP|HNRPK|TUNP,HNRNP-I|HNRNPI|HNRPI|PTB|PTB-1|PTB-T|PTB2|PTB3|PTB4|pPTB,Reconstituted Complex,physical,Kim JH (2000),10772858,9606,9606,Low Throughput,-,-,-,-,-,"BIOGRID
"
278104,3190,3190,109431,109431,RP11-575L7.1,RP11-575L7.1,HNRNPK,HNRNPK,CSBP|HNRPK|TUNP,CSBP|HNRPK|TUNP,Reconstituted Complex,physical,Kim JH (2000),10772858,9606,9606,Low Throughput,-,-,-,-,-,"BIOGRID
"
278104,3190,3190,109431,109431,RP11-575L7.1,RP11-575L7.1,HNRNPK,HNRNPK,CSBP|HNRPK|TUNP,CSBP|HNRPK|TUNP,Reconstituted Complex,physical,Kim JH (2000),10772858,9606,9606,Low Throughput,-,-,-,-,-,"BIOGRID
"
278105,3190,3191,109431,109432,RP11-575L7.1,P/OKcl.14,HNRNPK,HNRNPL,CSBP|HNRPK|TUNP,HNRPL|hnRNP-L,Reconstituted Complex,physical,Kim JH (2000),10772858,9606,9606,Low Throughput,-,-,-,-,-,"BIOGRID
"
278108,3191,3190,109432,109431,P/OKcl.14,RP11-575L7.1,HNRNPL,HNRNPK,HNRPL|hnRNP-L,CSBP|HNRPK|TUNP,Reconstituted Complex,physical,Kim JH (2000),10772858,9606,9606,Low Throughput,-,-,-,-,-,"BIOGRID
"
286694,3190,1445,109431,107832,RP11-575L7.1,-,HNRNPK,CSK,CSBP|HNRPK|TUNP,-,Affinity Capture-Western,physical,Ostareck-Lederer A (2002),12052863,9606,9606,Low Throughput,-,-,-,-,-,"BIOGRID
"
286695,1445,3190,107832,109431,-,RP11-575L7.1,CSK,HNRNPK,-,CSBP|HNRPK|TUNP,Biochemical Activity,physical,Ostareck-Lederer A (2002),12052863,9606,9606,Low Throughput,-,Phosphorylation,-,-,-,"BIOGRID
"
286746,3190,7409,109431,113252,RP11-575L7.1,-,HNRNPK,VAV1,CSBP|HNRPK|TUNP,VAV,Affinity Capture-Western,physical,Hobert O (1994),8051112,9606,9606,Low Throughput,-,-,-,-,-,"BIOGRID
"
287339,3190,1051,109431,107480,RP11-575L7.1,PP9092,HNRNPK,CEBPB,CSBP|HNRPK|TUNP,C/EBP-beta|IL6DBP|NF-IL6|TCF5,Reconstituted Complex,physical,Miau LH (1998),9553145,9606,9606,Low Throughput,-,-,-,-,-,"BIOGRID
"
301304,3190,3146,109431,109389,RP11-575L7.1,RP11-550P23.1,HNRNPK,HMGB1,CSBP|HNRPK|TUNP,HMG1|HMG3|SBP-1,Reconstituted Complex,physical,Dintilhac A (2002),11748221,9606,9606,Low Throughput,-,-,-,-,-,"BIOGRID
"
305081,10657,3190,115900,109431,-,RP11-575L7.1,KHDRBS1,HNRNPK,Sam68|p62|p68,CSBP|HNRPK|TUNP,Two-hybrid,physical,Yang JP (2002),12370808,9606,9606,Low Throughput,-,-,-,-,-,"BIOGRID
"
305082,10657,3190,115900,109431,-,RP11-575L7.1,KHDRBS1,HNRNPK,Sam68|p62|p68,CSBP|HNRPK|TUNP,Reconstituted Complex,physical,Yang JP (2002),12370808,9606,9606,Low Throughput,-,-,-,-,-,"BIOGRID
"
305083,3190,10657,109431,115900,RP11-575L7.1,-,HNRNPK,KHDRBS1,CSBP|HNRPK|TUNP,Sam68|p62|p68,Affinity Capture-Western,physical,Yang JP (2002),12370808,9606,9606,Low Throughput,-,-,-,-,-,"BIOGRID
"
305092,3190,10657,109431,115900,RP11-575L7.1,-,HNRNPK,KHDRBS1,CSBP|HNRPK|TUNP,Sam68|p62|p68,Reconstituted Complex,physical,Yang JP (2002),12370808,9606,9606,Low Throughput,-,-,-,-,-,"BIOGRID
"
305094,10657,3190,115900,109431,-,RP11-575L7.1,KHDRBS1,HNRNPK,Sam68|p62|p68,CSBP|HNRPK|TUNP,Phenotypic Suppression,genetic,Yang JP (2002),12370808,9606,9606,Low Throughput,-,-,-,-,-,"BIOGRID
"
305095,3190,10657,109431,115900,RP11-575L7.1,-,HNRNPK,KHDRBS1,CSBP|HNRPK|TUNP,Sam68|p62|p68,Phenotypic Suppression,genetic,Yang JP (2002),12370808,9606,9606,Low Throughput,-,-,-,-,-,"BIOGRID
"
315329,3702,3190,109907,109431,-,RP11-575L7.1,ITK,HNRNPK,EMT|LPFS1|LYK|PSCTK2,CSBP|HNRPK|TUNP,Reconstituted Complex,physical,Bunnell SC (1996),8810341,9606,9606,Low Throughput,-,-,-,-,-,"BIOGRID
"
424578,56257,3190,121122,109431,-,RP11-575L7.1,MEPCE,HNRNPK,BCDIN3,CSBP|HNRPK|TUNP,Affinity Capture-MS,physical,Jeronimo C (2007),17643375,9606,9606,High Throughput,1,-,-,-,-,"BIOGRID
"
424619,1025,3190,107459,109431,RP11-228B15.5,RP11-575L7.1,CDK9,HNRNPK,C-2k|CDC2L4|CTK1|PITALRE|TAK,CSBP|HNRPK|TUNP,Affinity Capture-MS,physical,Jeronimo C (2007),17643375,9606,9606,High Throughput,1,-,-,-,-,"BIOGRID
"
424645,3178,3190,109420,109431,-,RP11-575L7.1,HNRNPA1,HNRNPK,ALS19|ALS20|HNRPA1|HNRPA1L3|IBMPFD3|hnRNP A1|hnRNP-A1,CSBP|HNRPK|TUNP,Affinity Capture-MS,physical,Jeronimo C (2007),17643375,9606,9606,High Throughput,1,-,-,-,-,"BIOGRID
"
424657,3187,3190,109428,109431,-,RP11-575L7.1,HNRNPH1,HNRNPK,HNRPH|HNRPH1|hnRNPH,CSBP|HNRPK|TUNP,Affinity Capture-MS,physical,Jeronimo C (2007),17643375,9606,9606,High Throughput,1,-,-,-,-,"BIOGRID
"
424664,202559,3190,128436,109431,RP1-240B8.3,RP11-575L7.1,KHDRBS2,HNRNPK,SLM-1|SLM1|bA535F17.1,CSBP|HNRPK|TUNP,Affinity Capture-MS,physical,Jeronimo C (2007),17643375,9606,9606,High Throughput,1,-,-,-,-,"BIOGRID
"
424830,6919,3190,112781,109431,RP11-299N6.2,RP11-575L7.1,TCEA2,HNRNPK,TFIIS,CSBP|HNRPK|TUNP,Affinity Capture-MS,physical,Jeronimo C (2007),17643375,9606,9606,High Throughput,0.997563,-,-,-,-,"BIOGRID
"
464463,2885,3190,109142,109431,-,RP11-575L7.1,GRB2,HNRNPK,ASH|EGFRBP-GRB2|Grb3-3|MST084|MSTP084|NCKAP2,CSBP|HNRPK|TUNP,Two-hybrid,physical,Bandyopadhyay S (2010),20936779,9606,9606,High Throughput,-,-,-,-,-,"BIOGRID
"
520868,3020,3190,109272,109431,RP11-396C23.1,RP11-575L7.1,H3F3A,HNRNPK,H3.3A|H3F3,CSBP|HNRPK|TUNP,Affinity Capture-MS,physical,Heo K (2007),17403666,9606,9606,Low Throughput,-,-,-,-,-,"BIOGRID
"
530509,2010,3190,108325,109431,XX-FW88778H2.1,RP11-575L7.1,EMD,HNRNPK,EDMD|LEMD5|STA,CSBP|HNRPK|TUNP,Affinity Capture-MS,physical,Holaska JM (2007),17620012,9606,9606,Low Throughput,-,-,-,-,-,"BIOGRID
"
531719,10933,3190,116134,109431,FWP006,RP11-575L7.1,MORF4L1,HNRNPK,Eaf3|HsT17725|MEAF3|MORFRG15|MRG15|S863-6,CSBP|HNRPK|TUNP,Affinity Capture-MS,physical,Hayakawa T (2007),17573780,9606,9606,Low Throughput,-,-,-,-,-,"BIOGRID
"
531752,9643,3190,115001,109431,RP5-1055C14.2,RP11-575L7.1,MORF4L2,HNRNPK,MORFL2|MRGX,CSBP|HNRPK|TUNP,Affinity Capture-MS,physical,Hayakawa T (2007),17573780,9606,9606,Low Throughput,-,-,-,-,-,"BIOGRID
"
531781,55257,3190,120548,109431,-,RP11-575L7.1,MRGBP,HNRNPK,C20orf20|Eaf7|MRG15BP|URCC4,CSBP|HNRPK|TUNP,Affinity Capture-MS,physical,Hayakawa T (2007),17573780,9606,9606,Low Throughput,-,-,-,-,-,"BIOGRID
"
560976,7316,3190,113164,109431,-,RP11-575L7.1,UBC,HNRNPK,HMG20,CSBP|HNRPK|TUNP,Affinity Capture-MS,physical,Matsumoto M (2005),16196087,9606,9606,High Throughput,-,-,-,#LPPI|Likely protein-protein interaction|native only,-,"BIOGRID
"
564202,4609,3190,110694,109431,-,RP11-575L7.1,MYC,HNRNPK,MRTL|MYCC|bHLHe39|c-Myc,CSBP|HNRPK|TUNP,Affinity Capture-MS,physical,Koch HB (2007),17314511,9606,9606,High Throughput,-,-,-,-,-,"BIOGRID
"
565685,5460,3190,111456,109431,DADB-104B20.2,RP11-575L7.1,POU5F1,HNRNPK,OCT3|OCT4|OTF-3|OTF3|OTF4|Oct-3|Oct-4,CSBP|HNRPK|TUNP,Affinity Capture-RNA,physical,Hawkins PG (2010),21151833,9606,9606,Low Throughput,-,-,-,"""Bait is RNA oligonucleotide"," hits are proteins identified by mass spectrometry""",-,"BIOGRID
"
567814,26415,3190,204968,109431,RP24-313J18.2,RP11-575L7.1,Mapk13,HNRNPK,SAPK4|Serk4,CSBP|HNRPK|TUNP,Affinity Capture-MS,physical,Sumara G (2009),19135240,10090,9606,Low Throughput,-,-,-,-,-,"BIOGRID
"
573922,3190,26986,109431,117939,RP11-575L7.1,-,HNRNPK,PABPC1,CSBP|HNRPK|TUNP,PAB1|PABP|PABP1|PABPC2|PABPL1,Affinity Capture-Western,physical,Brendel C (2004),15303970,9606,9606,Low Throughput,-,-,-,-,-,"BIOGRID
"
574634,7150,3190,113003,109431,RP3-511B24.1,RP11-575L7.1,TOP1,HNRNPK,TOPI,CSBP|HNRPK|TUNP,Affinity Capture-MS,physical,Czubaty A (2005),15848144,9606,9606,Low Throughput,-,-,-,-,-,"BIOGRID
"
576391,27373,3190,205180,109431,RP23-120A4.1,RP11-575L7.1,Csnk1e,HNRNPK,AI426939|AI551861|AW457082|CK1epsilon|CKIe|KC1epsilon|tau,CSBP|HNRPK|TUNP,Affinity Capture-MS,physical,Hutchins JR (2010),20360068,10090,9606,High Throughput,-,-,-,-,-,"BIOGRID
"
576570,107242,3190,223223,109431,-,RP11-575L7.1,AI837181,HNRNPK,Bles03|N28173,CSBP|HNRPK|TUNP,Affinity Capture-MS,physical,Hutchins JR (2010),20360068,10090,9606,High Throughput,-,-,-,-,-,"BIOGRID
"
576634,71521,3190,214756,109431,-,RP11-575L7.1,Pds5a,HNRNPK,9030416H16Rik|E230024D05Rik|mKIAA0648,CSBP|HNRPK|TUNP,Affinity Capture-MS,physical,Hutchins JR (2010),20360068,10090,9606,High Throughput,-,-,-,-,-,"BIOGRID
"
577484,12534,3190,198624,109431,-,RP11-575L7.1,Cdk1,HNRNPK,Cdc2|Cdc2a|p34[CDC2],CSBP|HNRPK|TUNP,Affinity Capture-MS,physical,Hutchins JR (2010),20360068,10090,9606,High Throughput,-,-,-,-,-,"BIOGRID
"
577797,245902,3190,232850,109431,-,RP11-575L7.1,Ccdc15,HNRNPK,A630039F14Rik|D030074L19,CSBP|HNRPK|TUNP,Affinity Capture-MS,physical,Hutchins JR (2010),20360068,10090,9606,High Throughput,-,-,-,-,-,"BIOGRID
"
577826,22608,3190,204613,109431,RP24-363D14.2,RP11-575L7.1,Ybx1,HNRNPK,1700102N10Rik|C79409|EF1A|MSY1|Nsep1|YB-1|dbpB|mYB-1a,CSBP|HNRPK|TUNP,Affinity Capture-MS,physical,Hutchins JR (2010),20360068,10090,9606,High Throughput,-,-,-,-,-,"BIOGRID
"
577963,382406,3190,238351,109431,-,RP11-575L7.1,Poc1b,HNRNPK,4933430F16Rik|Wdr51b,CSBP|HNRPK|TUNP,Affinity Capture-MS,physical,Hutchins JR (2010),20360068,10090,9606,High Throughput,-,-,-,-,-,"BIOGRID
"
592334,3783746,3190,971788,109431,-,RP11-575L7.1,EBNA-LP,HNRNPK,-,CSBP|HNRPK|TUNP,Affinity Capture-Western,physical,Forsman A (2008),18457437,10376,9606,Low Throughput,-,-,-,-,-,"BIOGRID
"
592621,3783746,3190,971788,109431,-,RP11-575L7.1,EBNA-LP,HNRNPK,-,CSBP|HNRPK|TUNP,Affinity Capture-MS,physical,Forsman A (2008),18457437,10376,9606,Low Throughput,-,-,-,-,-,"BIOGRID
"
610975,7428,3190,113269,109431,-,RP11-575L7.1,VHL,HNRNPK,HRCA1|RCA1|VHL1|pVHL,CSBP|HNRPK|TUNP,Affinity Capture-MS,physical,Lai Y (2011),21942715,9606,9606,High Throughput,-,-,-,FLAG-VHL19 interacting proteins,-,"BIOGRID
"
613049,56916,3190,121244,109431,-,RP11-575L7.1,SMARCAD1,HNRNPK,ADERM|ETL1|HEL1,CSBP|HNRPK|TUNP,Affinity Capture-MS,physical,Rowbotham SP (2011),21549307,9606,9606,Low Throughput,-,-,-,-,-,"BIOGRID
"
614415,140890,3190,126754,109431,-,RP11-575L7.1,SREK1,HNRNPK,SFRS12|SRrp508|SRrp86,CSBP|HNRPK|TUNP,Affinity Capture-MS,physical,Li J (2003),14559993,9606,9606,Low Throughput,-,-,-,-,-,"BIOGRID
"
656805,23411,3190,116983,109431,RP11-57G10.3,RP11-575L7.1,SIRT1,HNRNPK,SIR2L1,CSBP|HNRPK|TUNP,Affinity Capture-Western,physical,Lin Z (2012),22542455,9606,9606,Low Throughput,-,-,-,-,-,"BIOGRID
"
657429,4154,3190,110324,109431,-,RP11-575L7.1,MBNL1,HNRNPK,EXP|EXP35|EXP40|EXP42|MBNL,CSBP|HNRPK|TUNP,Affinity Capture-Western,physical,Paul S (2011),21900255,9606,9606,Low Throughput,-,-,-,-,-,"BIOGRID
"
661876,50618,3190,119098,109431,-,RP11-575L7.1,ITSN2,HNRNPK,PRO2015|SH3D1B|SH3P18|SWA|SWAP,CSBP|HNRPK|TUNP,Two-hybrid,physical,Wong KA (2012),22558309,9606,9606,High Throughput,-,-,-,-,-,"BIOGRID
"
665079,8175,3190,113826,109431,-,RP11-575L7.1,SF3A2,HNRNPK,PRP11|PRPF11|SAP62|SF3a66,CSBP|HNRPK|TUNP,Affinity Capture-MS,physical,Behzadnia N (2007),17332742,9606,9606,Low Throughput,-,-,-,-,-,"BIOGRID
"
665623,408,3190,106901,109431,-,RP11-575L7.1,ARRB1,HNRNPK,ARB1|ARR1,CSBP|HNRPK|TUNP,Affinity Capture-MS,physical,Xiao K (2007),17620599,9606,9606,High Throughput,-,-,-,exogenous expression of bait,-,"BIOGRID
"
665820,409,3190,106902,109431,-,RP11-575L7.1,ARRB2,HNRNPK,ARB2|ARR2|BARR2,CSBP|HNRPK|TUNP,Affinity Capture-MS,physical,Xiao K (2007),17620599,9606,9606,High Throughput,-,-,-,exogenous expression of bait,-,"BIOGRID
"
669362,3178,3190,109420,109431,-,RP11-575L7.1,HNRNPA1,HNRNPK,ALS19|ALS20|HNRPA1|HNRPA1L3|IBMPFD3|hnRNP A1|hnRNP-A1,CSBP|HNRPK|TUNP,Affinity Capture-MS,physical,Close P (2012),22446626,9606,9606,High Throughput,-,-,-,"""figure 1"," S2.""",-,"BIOGRID
"
670162,30011,3190,119029,109431,RP11-345L8.1,RP11-575L7.1,SH3KBP1,HNRNPK,CD2BP3|CIN85|GIG10|HSB-1|HSB1|MIG18,CSBP|HNRPK|TUNP,Affinity Capture-MS,physical,Havrylov S (2009),19531213,9606,9606,Low Throughput,-,-,-,-,-,"BIOGRID
"
670216,4961527,3190,1777030,109431,HHV8GK18_gp81,RP11-575L7.1,HHV8GK18_gp81,HNRNPK,-,CSBP|HNRPK|TUNP,Far Western,physical,Shamay M (2012),22379092,37296,9606,High Throughput,-,-,-,"""figure 1"," table 1. screen on a 4191-human protein array.""",-,"BIOGRID
"
678176,9636,3190,114995,109431,-,RP11-575L7.1,ISG15,HNRNPK,G1P2|IFI15|IMD38|IP17|UCRP|hUCRP,CSBP|HNRPK|TUNP,Affinity Capture-MS,physical,Zhao C (2005),16009940,9606,9606,High Throughput,-,-,-,-,-,"BIOGRID
"
681549,54386,3190,119942,109431,PP8000,RP11-575L7.1,TERF2IP,HNRNPK,DRIP5|RAP1,CSBP|HNRPK|TUNP,Two-hybrid,physical,Lee OH (2011),21044950,9606,9606,High Throughput,-,-,-,BifC,-,"BIOGRID
"
684789,7329,3190,113177,109431,LA16c-358B7.1,RP11-575L7.1,UBE2I,HNRNPK,C358B7.1|P18|UBC9,CSBP|HNRPK|TUNP,Affinity Capture-Western,physical,Pelisch F (2012),22825850,9606,9606,Low Throughput,-,-,-,-,-,"BIOGRID
"
684790,3190,8535,109431,114105,RP11-575L7.1,-,HNRNPK,CBX4,CSBP|HNRPK|TUNP,NBP16|PC2,Affinity Capture-Western,physical,Pelisch F (2012),22825850,9606,9606,Low Throughput,-,-,-,-,-,"BIOGRID
"
684791,8535,3190,114105,109431,-,RP11-575L7.1,CBX4,HNRNPK,NBP16|PC2,CSBP|HNRPK|TUNP,Affinity Capture-Western,physical,Pelisch F (2012),22825850,9606,9606,Low Throughput,-,-,-,-,-,"BIOGRID
"
684793,4193,3190,110358,109431,-,RP11-575L7.1,MDM2,HNRNPK,ACTFS|HDMX|hdm2,CSBP|HNRPK|TUNP,Affinity Capture-Western,physical,Pelisch F (2012),22825850,9606,9606,Low Throughput,-,-,-,-,-,"BIOGRID
"
686806,8452,3190,114030,109431,-,RP11-575L7.1,CUL3,HNRNPK,CUL-3|PHA2E,CSBP|HNRPK|TUNP,Affinity Capture-MS,physical,Bennett EJ (2010),21145461,9606,9606,High Throughput,-,-,-,All data was filtered to a 1% false discovery rate (peptide level) prior to analysis using CompPASS to identify high confidence candidate interacting proteins|TAP-tagged Cul3|exogenous expression of bait,-,"BIOGRID
"
687471,8450,3190,114028,109431,-,RP11-575L7.1,CUL4B,HNRNPK,CUL-4B|MRXHF2|MRXS15|MRXSC|SFM2,CSBP|HNRPK|TUNP,Affinity Capture-MS,physical,Bennett EJ (2010),21145461,9606,9606,High Throughput,-,-,-,All data was filtered to a 1% false discovery rate (peptide level) prior to analysis using CompPASS to identify high confidence candidate interacting proteins|TAP-tagged Cul4B|exogenous expression of bait,-,"BIOGRID
"
687742,8065,3190,113743,109431,-,RP11-575L7.1,CUL5,HNRNPK,VACM-1|VACM1,CSBP|HNRPK|TUNP,Affinity Capture-MS,physical,Bennett EJ (2010),21145461,9606,9606,High Throughput,-,-,-,All data was filtered to a 1% false discovery rate (peptide level) prior to analysis using CompPASS to identify high confidence candidate interacting proteins|TAP-tagged Cul5|exogenous expression of bait,-,"BIOGRID
"
688107,8453,3190,114031,109431,RP11-297A16.3,RP11-575L7.1,CUL2,HNRNPK,-,CSBP|HNRPK|TUNP,Affinity Capture-MS,physical,Bennett EJ (2010),21145461,9606,9606,High Throughput,-,-,-,All data was filtered to a 1% false discovery rate (peptide level) prior to analysis using CompPASS to identify high confidence candidate interacting proteins|TAP-tagged Cul2|exogenous expression of bait,-,"BIOGRID
"
688417,1017,3190,107452,109431,-,RP11-575L7.1,CDK2,HNRNPK,CDKN2|p33(CDK2),CSBP|HNRPK|TUNP,Affinity Capture-MS,physical,Neganova I (2011),21319273,9606,9606,High Throughput,-,-,-,"""figure 6"," table S2.""",-,"BIOGRID
"
689060,8454,3190,114032,109431,-,RP11-575L7.1,CUL1,HNRNPK,-,CSBP|HNRPK|TUNP,Affinity Capture-MS,physical,Bennett EJ (2010),21145461,9606,9606,High Throughput,-,-,-,All data was filtered to a 1% false discovery rate (peptide level) prior to analysis using CompPASS to identify high confidence candidate interacting proteins|TAP-tagged Cul1|exogenous expression of bait,-,"BIOGRID
"
689535,10987,3190,116183,109431,-,RP11-575L7.1,COPS5,HNRNPK,CSN5|JAB1|MOV-34|SGN5,CSBP|HNRPK|TUNP,Affinity Capture-MS,physical,Bennett EJ (2010),21145461,9606,9606,High Throughput,-,-,-,All data was filtered to a 1% false discovery rate (peptide level) prior to analysis using CompPASS to identify high confidence candidate interacting proteins|TAP-tagged COPS5|exogenous expression of bait,-,"BIOGRID
"
690246,54165,3190,119920,109431,-,RP11-575L7.1,DCUN1D1,HNRNPK,DCNL1|DCUN1L1|RP42|SCCRO|SCRO|Tes3,CSBP|HNRPK|TUNP,Affinity Capture-MS,physical,Bennett EJ (2010),21145461,9606,9606,High Throughput,-,-,-,All data was filtered to a 1% false discovery rate (peptide level) prior to analysis using CompPASS to identify high confidence candidate interacting proteins|TAP-tagged DCUN1D1|exogenous expression of bait,-,"BIOGRID
"
690850,55832,3190,120937,109431,-,RP11-575L7.1,CAND1,HNRNPK,TIP120|TIP120A,CSBP|HNRPK|TUNP,Affinity Capture-MS,physical,Bennett EJ (2010),21145461,9606,9606,High Throughput,-,-,-,All data was filtered to a 1% false discovery rate (peptide level) prior to analysis using CompPASS to identify high confidence candidate interacting proteins|TAP-tagged CAND1|exogenous expression of bait,-,"BIOGRID
"
691078,4738,3190,110815,109431,-,RP11-575L7.1,NEDD8,HNRNPK,NEDD-8,CSBP|HNRPK|TUNP,Affinity Capture-MS,physical,Bennett EJ (2010),21145461,9606,9606,High Throughput,-,-,-,#LPPI|All data was filtered to a 1% false discovery rate (peptide level) prior to analysis using CompPASS to identify high confidence candidate interacting proteins|Likely protein-protein interaction|TAP-tagged NEDD8|exogenous expression of bait,-,"BIOGRID
"
696980,8665,3190,114214,109431,-,RP11-575L7.1,EIF3F,HNRNPK,EIF3S5|eIF3-p47,CSBP|HNRPK|TUNP,Affinity Capture-Western,physical,Wen F (2012),22457825,9606,9606,Low Throughput,-,-,-,-,-,"BIOGRID
"
696981,8665,3190,114214,109431,-,RP11-575L7.1,EIF3F,HNRNPK,EIF3S5|eIF3-p47,CSBP|HNRPK|TUNP,Reconstituted Complex,physical,Wen F (2012),22457825,9606,9606,Low Throughput,-,-,-,-,-,"BIOGRID
"
696982,3190,100008589,109431,755638,RP11-575L7.1,-,HNRNPK,RNA28S5,CSBP|HNRPK|TUNP,RN28S1,Protein-RNA,physical,Wen F (2012),22457825,9606,9606,Low Throughput,-,-,-,-,-,"BIOGRID
"
696983,3190,100008588,109431,755637,RP11-575L7.1,-,HNRNPK,RNA18S5,CSBP|HNRPK|TUNP,RN18S1,Protein-RNA,physical,Wen F (2012),22457825,9606,9606,Low Throughput,-,-,-,-,-,"BIOGRID
"
714948,3190,4193,109431,110358,RP11-575L7.1,-,HNRNPK,MDM2,CSBP|HNRPK|TUNP,ACTFS|HDMX|hdm2,Affinity Capture-Western,physical,Enge M (2009),19249676,9606,9606,Low Throughput,-,-,-,-,-,"BIOGRID
"
720593,9444,3190,114834,109431,-,RP11-575L7.1,QKI,HNRNPK,Hqk|QK|QK1|QK3|hqkI,CSBP|HNRPK|TUNP,Two-hybrid,physical,Lim J (2006),16713569,9606,9606,High Throughput,-,-,-,-,-,"BIOGRID
"
721048,8328,3190,113924,109431,RP11-415H23.1,RP11-575L7.1,GFI1B,HNRNPK,BDPLT17,CSBP|HNRPK|TUNP,Two-hybrid,physical,Lim J (2006),16713569,9606,9606,High Throughput,-,-,-,-,-,"BIOGRID
"
721107,5093,3190,111126,109431,-,RP11-575L7.1,PCBP1,HNRNPK,HEL-S-85|HNRPE1|HNRPX|hnRNP-E1|hnRNP-X,CSBP|HNRPK|TUNP,Two-hybrid,physical,Lim J (2006),16713569,9606,9606,High Throughput,-,-,-,-,-,"BIOGRID
"
721210,9444,3190,114834,109431,-,RP11-575L7.1,QKI,HNRNPK,Hqk|QK|QK1|QK3|hqkI,CSBP|HNRPK|TUNP,Affinity Capture-Western,physical,Lim J (2006),16713569,9606,9606,Low Throughput,-,-,-,-,-,"BIOGRID
"
722839,79705,3190,122823,109431,-,RP11-575L7.1,LRRK1,HNRNPK,RIPK6|Roco1,CSBP|HNRPK|TUNP,Affinity Capture-MS,physical,Titz B (2010),20697350,9606,9606,Low Throughput,-,-,-,table S2.,-,"BIOGRID
"
726256,2885,3190,109142,109431,-,RP11-575L7.1,GRB2,HNRNPK,ASH|EGFRBP-GRB2|Grb3-3|MST084|MSTP084|NCKAP2,CSBP|HNRPK|TUNP,Affinity Capture-MS,physical,Brehme M (2009),19380743,9606,9606,High Throughput,-,-,-,TAP-tagged Grb2|exogenous expression of bait,-,"BIOGRID
"
727653,3190,8440,109431,114020,RP11-575L7.1,-,HNRNPK,NCK2,CSBP|HNRPK|TUNP,GRB4|NCKbeta,Affinity Capture-Western,physical,Cowan CA (2001),11557983,9606,9606,Low Throughput,-,-,-,-,-,"BIOGRID
"
728657,3190,868,109431,107316,RP11-575L7.1,Nbla00127,HNRNPK,CBLB,CSBP|HNRPK|TUNP,Cbl-b|RNF56,Reconstituted Complex,physical,Bustelo XR (1997),9399639,9606,9606,Low Throughput,-,-,-,-,-,"BIOGRID
"
741062,3190,3191,109431,109432,RP11-575L7.1,P/OKcl.14,HNRNPK,HNRNPL,CSBP|HNRPK|TUNP,HNRPL|hnRNP-L,Co-fractionation,physical,Havugimana PC (2012),22939629,9606,9606,High Throughput,0.857,-,-,Denoised score >= 0.75,-,"BIOGRID
"
741082,27316,3190,118134,109431,RP11-1114A5.1,RP11-575L7.1,RBMX,HNRNPK,HNRNPG|HNRPG|RBMXP1|RBMXRT|RNMX|hnRNP-G,CSBP|HNRPK|TUNP,Co-fractionation,physical,Havugimana PC (2012),22939629,9606,9606,High Throughput,0.798,-,-,Denoised score >= 0.75,-,"BIOGRID
"
741704,3190,23450,109431,117016,RP11-575L7.1,-,HNRNPK,SF3B3,CSBP|HNRPK|TUNP,RSE1|SAP130|SF3b130|STAF130,Co-fractionation,physical,Havugimana PC (2012),22939629,9606,9606,High Throughput,0.858,-,-,Denoised score >= 0.75,-,"BIOGRID
"
741725,3190,3178,109431,109420,RP11-575L7.1,-,HNRNPK,HNRNPA1,CSBP|HNRPK|TUNP,ALS19|ALS20|HNRPA1|HNRPA1L3|IBMPFD3|hnRNP A1|hnRNP-A1,Co-fractionation,physical,Havugimana PC (2012),22939629,9606,9606,High Throughput,0.835,-,-,Denoised score >= 0.75,-,"BIOGRID
"
741757,3190,3192,109431,109433,RP11-575L7.1,RP11-11N7.3,HNRNPK,HNRNPU,CSBP|HNRPK|TUNP,HNRPU|SAF-A|U21.1|hnRNP U,Co-fractionation,physical,Havugimana PC (2012),22939629,9606,9606,High Throughput,0.788,-,-,Denoised score >= 0.75,-,"BIOGRID
"
741802,3190,4904,109431,110959,RP11-575L7.1,-,HNRNPK,YBX1,CSBP|HNRPK|TUNP,BP-8|CSDA2|CSDB|DBPB|MDR-NF1|NSEP-1|NSEP1|YB-1|YB1,Co-fractionation,physical,Havugimana PC (2012),22939629,9606,9606,High Throughput,0.857,-,-,Denoised score >= 0.75,-,"BIOGRID
"
741803,3190,5725,109431,111697,RP11-575L7.1,-,HNRNPK,PTBP1,CSBP|HNRPK|TUNP,HNRNP-I|HNRNPI|HNRPI|PTB|PTB-1|PTB-T|PTB2|PTB3|PTB4|pPTB,Co-fractionation,physical,Havugimana PC (2012),22939629,9606,9606,High Throughput,0.843,-,-,Denoised score >= 0.75,-,"BIOGRID
"
743068,3190,23451,109431,117017,RP11-575L7.1,-,HNRNPK,SF3B1,CSBP|HNRPK|TUNP,Hsh155|MDS|PRP10|PRPF10|SAP155|SF3b155,Co-fractionation,physical,Havugimana PC (2012),22939629,9606,9606,High Throughput,0.896,-,-,Denoised score >= 0.75,-,"BIOGRID
"
743082,3190,10236,109431,115530,RP11-575L7.1,-,HNRNPK,HNRNPR,CSBP|HNRPK|TUNP,HNRPR|hnRNP-R,Co-fractionation,physical,Havugimana PC (2012),22939629,9606,9606,High Throughput,0.883,-,-,Denoised score >= 0.75,-,"BIOGRID
"
743096,3190,220988,109431,128670,RP11-575L7.1,-,HNRNPK,HNRNPA3,CSBP|HNRPK|TUNP,2610510D13Rik|D10S102|FBRNP|HNRPA3,Co-fractionation,physical,Havugimana PC (2012),22939629,9606,9606,High Throughput,0.878,-,-,Denoised score >= 0.75,-,"BIOGRID
"
743141,3190,6426,109431,112324,RP11-575L7.1,OK/SW-cl.3,HNRNPK,SRSF1,CSBP|HNRPK|TUNP,ASF|SF2|SF2p33|SFRS1|SRp30a,Co-fractionation,physical,Havugimana PC (2012),22939629,9606,9606,High Throughput,0.848,-,-,Denoised score >= 0.75,-,"BIOGRID
"
743201,3185,3190,109426,109431,-,RP11-575L7.1,HNRNPF,HNRNPK,HNRPF|OK/SW-cl.23|mcs94-1,CSBP|HNRPK|TUNP,Co-fractionation,physical,Havugimana PC (2012),22939629,9606,9606,High Throughput,0.817,-,-,Denoised score >= 0.75,-,"BIOGRID
"
743316,3190,9343,109431,114749,RP11-575L7.1,-,HNRNPK,EFTUD2,CSBP|HNRPK|TUNP,MFDGA|MFDM|SNRNP116|Snrp116|Snu114|U5-116KD,Co-fractionation,physical,Havugimana PC (2012),22939629,9606,9606,High Throughput,0.775,-,-,Denoised score >= 0.75,-,"BIOGRID
"
743392,3190,6632,109431,112516,RP11-575L7.1,-,HNRNPK,SNRPD1,CSBP|HNRPK|TUNP,HsT2456|SMD1|SNRPD|Sm-D1,Co-fractionation,physical,Havugimana PC (2012),22939629,9606,9606,High Throughput,0.755,-,-,Denoised score >= 0.75,-,"BIOGRID
"
744163,3190,10291,109431,115580,RP11-575L7.1,-,HNRNPK,SF3A1,CSBP|HNRPK|TUNP,PRP21|PRPF21|SAP114|SF3A120,Co-fractionation,physical,Havugimana PC (2012),22939629,9606,9606,High Throughput,0.779,-,-,Denoised score >= 0.75,-,"BIOGRID
"
744225,3190,4670,109431,110751,RP11-575L7.1,-,HNRNPK,HNRNPM,CSBP|HNRPK|TUNP,CEAR|HNRNPM4|HNRPM|HNRPM4|HTGR1|NAGR1|hnRNP M,Co-fractionation,physical,Havugimana PC (2012),22939629,9606,9606,High Throughput,0.753,-,-,Denoised score >= 0.75,-,"BIOGRID
"
744288,3190,11338,109431,116466,RP11-575L7.1,-,HNRNPK,U2AF2,CSBP|HNRPK|TUNP,U2AF65,Co-fractionation,physical,Havugimana PC (2012),22939629,9606,9606,High Throughput,0.786,-,-,Denoised score >= 0.75,-,"BIOGRID
"
744295,3190,4809,109431,110874,RP11-575L7.1,CTA-216E10.8,HNRNPK,NHP2L1,CSBP|HNRPK|TUNP,15.5K|FA-1|FA1|NHPX|OTK27|SNRNP15-5|SNU13|SPAG12|SSFA1,Co-fractionation,physical,Havugimana PC (2012),22939629,9606,9606,High Throughput,0.781,-,-,Denoised score >= 0.75,-,"BIOGRID
"
744296,3190,6625,109431,112509,RP11-575L7.1,-,HNRNPK,SNRNP70,CSBP|HNRPK|TUNP,RNPU1Z|RPU1|SNRP70|Snp1|U1-70K|U170K|U1AP|U1RNP,Co-fractionation,physical,Havugimana PC (2012),22939629,9606,9606,High Throughput,0.777,-,-,Denoised score >= 0.75,-,"BIOGRID
"
744311,3190,9295,109431,114709,RP11-575L7.1,RP4-677H15.3,HNRNPK,SRSF11,CSBP|HNRPK|TUNP,NET2|SFRS11|dJ677H15.2|p54,Co-fractionation,physical,Havugimana PC (2012),22939629,9606,9606,High Throughput,0.75,-,-,Denoised score >= 0.75,-,"BIOGRID
"
744710,3190,3609,109431,109822,RP11-575L7.1,-,HNRNPK,ILF3,CSBP|HNRPK|TUNP,CBTF|DRBF|DRBP76|MMP4|MPHOSPH4|MPP4|NF-AT-90|NF110|NF110b|NF90|NF90a|NF90b|NFAR|NFAR-1|NFAR2|TCP110|TCP80,Co-fractionation,physical,Havugimana PC (2012),22939629,9606,9606,High Throughput,0.768,-,-,Denoised score >= 0.75,-,"BIOGRID
"
744724,3190,10492,109431,115755,RP11-575L7.1,RP1-3J17.2,HNRNPK,SYNCRIP,CSBP|HNRPK|TUNP,GRY-RBP|GRYRBP|HNRNPQ|HNRPQ1|NSAP1|PP68|hnRNP-Q,Co-fractionation,physical,Havugimana PC (2012),22939629,9606,9606,High Throughput,0.758,-,-,Denoised score >= 0.75,-,"BIOGRID
"
744729,3190,26986,109431,117939,RP11-575L7.1,-,HNRNPK,PABPC1,CSBP|HNRPK|TUNP,PAB1|PABP|PABP1|PABPC2|PABPL1,Co-fractionation,physical,Havugimana PC (2012),22939629,9606,9606,High Throughput,0.753,-,-,Denoised score >= 0.75,-,"BIOGRID
"
744824,1915,3190,108237,109431,RP11-505P4.2,RP11-575L7.1,EEF1A1,HNRNPK,CCS-3|CCS3|EE1A1|EEF-1|EEF1A|EF-Tu|EF1A|GRAF-1EF|HNGC:16303|LENG7|PTI1|eEF1A-1,CSBP|HNRPK|TUNP,Co-fractionation,physical,Havugimana PC (2012),22939629,9606,9606,High Throughput,0.8,-,-,Denoised score >= 0.75,-,"BIOGRID
"
744910,3190,10949,109431,116149,RP11-575L7.1,-,HNRNPK,HNRNPA0,CSBP|HNRPK|TUNP,HNRPA0,Co-fractionation,physical,Havugimana PC (2012),22939629,9606,9606,High Throughput,0.908,-,-,Denoised score >= 0.75,-,"BIOGRID
"
745484,3190,23524,109431,117071,RP11-575L7.1,HSPC075,HNRNPK,SRRM2,CSBP|HNRPK|TUNP,300-KD|CWF21|Cwc21|SRL300|SRm300,Co-fractionation,physical,Havugimana PC (2012),22939629,9606,9606,High Throughput,0.794,-,-,Denoised score >= 0.75,-,"BIOGRID
"
745812,3190,23435,109431,117003,RP11-575L7.1,RP4-635E18.2,HNRNPK,TARDBP,CSBP|HNRPK|TUNP,ALS10|TDP-43,Co-fractionation,physical,Havugimana PC (2012),22939629,9606,9606,High Throughput,0.838,-,-,Denoised score >= 0.75,-,"BIOGRID
"
745953,1665,3190,108029,109431,-,RP11-575L7.1,DHX15,HNRNPK,DBP1|DDX15|HRH2|PRP43|PRPF43|PrPp43p,CSBP|HNRPK|TUNP,Co-fractionation,physical,Havugimana PC (2012),22939629,9606,9606,High Throughput,0.787,-,-,Denoised score >= 0.75,-,"BIOGRID
"
746016,3190,6829,109431,112697,RP11-575L7.1,-,HNRNPK,SUPT5H,CSBP|HNRPK|TUNP,SPT5|SPT5H|Tat-CT1,Co-fractionation,physical,Havugimana PC (2012),22939629,9606,9606,High Throughput,0.766,-,-,Denoised score >= 0.75,-,"BIOGRID
"
746973,3190,5903,109431,111839,RP11-575L7.1,-,HNRNPK,RANBP2,CSBP|HNRPK|TUNP,ADANE|ANE1|IIAE3|NUP358|TRP1|TRP2,Co-fractionation,physical,Havugimana PC (2012),22939629,9606,9606,High Throughput,0.957,-,-,Denoised score >= 0.75,-,"BIOGRID
"
748449,3190,9329,109431,114738,RP11-575L7.1,-,HNRNPK,GTF3C4,CSBP|HNRPK|TUNP,KAT12|TFIII90|TFIIIC290|TFIIIC90|TFIIICDELTA,Co-fractionation,physical,Havugimana PC (2012),22939629,9606,9606,High Throughput,0.871,-,-,Denoised score >= 0.75,-,"BIOGRID
"
748471,3190,85456,109431,124540,RP11-575L7.1,-,HNRNPK,TNKS1BP1,CSBP|HNRPK|TUNP,TAB182,Co-fractionation,physical,Havugimana PC (2012),22939629,9606,9606,High Throughput,0.871,-,-,Denoised score >= 0.75,-,"BIOGRID
"
748673,3190,7171,109431,113024,RP11-575L7.1,-,HNRNPK,TPM4,CSBP|HNRPK|TUNP,HEL-S-108,Co-fractionation,physical,Havugimana PC (2012),22939629,9606,9606,High Throughput,0.863,-,-,Denoised score >= 0.75,-,"BIOGRID
"
748918,3190,9733,109431,115082,RP11-575L7.1,-,HNRNPK,SART3,CSBP|HNRPK|TUNP,DSAP1|P100|RP11-13G14|TIP110|p110|p110(nrb),Co-fractionation,physical,Havugimana PC (2012),22939629,9606,9606,High Throughput,0.856,-,-,Denoised score >= 0.75,-,"BIOGRID
"
749247,3190,9097,109431,114551,RP11-575L7.1,-,HNRNPK,USP14,CSBP|HNRPK|TUNP,TGT,Co-fractionation,physical,Havugimana PC (2012),22939629,9606,9606,High Throughput,0.845,-,-,Denoised score >= 0.75,-,"BIOGRID
"
750174,3190,3421,109431,109647,RP11-575L7.1,hCG_2004980,HNRNPK,IDH3G,CSBP|HNRPK|TUNP,H-IDHG,Co-fractionation,physical,Havugimana PC (2012),22939629,9606,9606,High Throughput,0.823,-,-,Denoised score >= 0.75,-,"BIOGRID
"
750622,3190,2548,109431,108823,RP11-575L7.1,-,HNRNPK,GAA,CSBP|HNRPK|TUNP,LYAG,Co-fractionation,physical,Havugimana PC (2012),22939629,9606,9606,High Throughput,0.813,-,-,Denoised score >= 0.75,-,"BIOGRID
"
750922,3190,7879,109431,113624,RP11-575L7.1,-,HNRNPK,RAB7A,CSBP|HNRPK|TUNP,PRO2706|RAB7,Co-fractionation,physical,Havugimana PC (2012),22939629,9606,9606,High Throughput,0.808,-,-,Denoised score >= 0.75,-,"BIOGRID
"
751348,3190,10482,109431,115745,RP11-575L7.1,-,HNRNPK,NXF1,CSBP|HNRPK|TUNP,MEX67|TAP,Co-fractionation,physical,Havugimana PC (2012),22939629,9606,9606,High Throughput,0.799,-,-,Denoised score >= 0.75,-,"BIOGRID
"
751713,3190,3308,109431,109540,RP11-575L7.1,-,HNRNPK,HSPA4,CSBP|HNRPK|TUNP,APG-2|HEL-S-5a|HS24/P52|HSPH2|RY|hsp70|hsp70RY,Co-fractionation,physical,Havugimana PC (2012),22939629,9606,9606,High Throughput,0.793,-,-,Denoised score >= 0.75,-,"BIOGRID
"
751844,3190,6201,109431,112115,RP11-575L7.1,-,HNRNPK,RPS7,CSBP|HNRPK|TUNP,DBA8|S7,Co-fractionation,physical,Havugimana PC (2012),22939629,9606,9606,High Throughput,0.791,-,-,Denoised score >= 0.75,-,"BIOGRID
"
752486,3190,6709,109431,112587,RP11-575L7.1,-,HNRNPK,SPTAN1,CSBP|HNRPK|TUNP,EIEE5|NEAS|SPTA2,Co-fractionation,physical,Havugimana PC (2012),22939629,9606,9606,High Throughput,0.78,-,-,Denoised score >= 0.75,-,"BIOGRID
"
752662,3190,1104,109431,107529,RP11-575L7.1,RP4-669K10.2,HNRNPK,RCC1,CSBP|HNRPK|TUNP,CHC1|RCC1-I|SNHG3-RCC1,Co-fractionation,physical,Havugimana PC (2012),22939629,9606,9606,High Throughput,0.777,-,-,Denoised score >= 0.75,-,"BIOGRID
"
753033,3190,815,109431,107265,RP11-575L7.1,-,HNRNPK,CAMK2A,CSBP|HNRPK|TUNP,CAMKA,Co-fractionation,physical,Havugimana PC (2012),22939629,9606,9606,High Throughput,0.771,-,-,Denoised score >= 0.75,-,"BIOGRID
"
753715,3190,6150,109431,112070,RP11-575L7.1,-,HNRNPK,MRPL23,CSBP|HNRPK|TUNP,L23MRP|RPL23|RPL23L,Co-fractionation,physical,Havugimana PC (2012),22939629,9606,9606,High Throughput,0.761,-,-,Denoised score >= 0.75,-,"BIOGRID
"
797524,2099,3190,108403,109431,RP1-130E4.1,RP11-575L7.1,ESR1,HNRNPK,ER|ESR|ESRA|ESTRR|Era|NR3A1,CSBP|HNRPK|TUNP,Affinity Capture-MS,physical,Tarallo R (2011),21182205,9606,9606,High Throughput,-,-,-,-,-,"BIOGRID
"
811444,4116,3190,110290,109431,RP5-1024G6.4,RP11-575L7.1,MAGOH,HNRNPK,MAGOH1|MAGOHA,CSBP|HNRPK|TUNP,Affinity Capture-MS,physical,Singh G (2012),23084401,9606,9606,High Throughput,-,-,-,-,-,"BIOGRID
"
811462,9775,3190,115119,109431,-,RP11-575L7.1,EIF4A3,HNRNPK,DDX48|MUK34|NMP265|NUK34|RCPS|eIF4AIII,CSBP|HNRPK|TUNP,Affinity Capture-MS,physical,Singh G (2012),23084401,9606,9606,High Throughput,-,-,-,-,-,"BIOGRID
"
814016,3190,4193,109431,110358,RP11-575L7.1,-,HNRNPK,MDM2,CSBP|HNRPK|TUNP,ACTFS|HDMX|hdm2,Affinity Capture-Western,physical,Lee SW (2012),23092970,9606,9606,Low Throughput,-,-,-,-,-,"BIOGRID
"
814017,4193,3190,110358,109431,-,RP11-575L7.1,MDM2,HNRNPK,ACTFS|HDMX|hdm2,CSBP|HNRPK|TUNP,Affinity Capture-Western,physical,Lee SW (2012),23092970,9606,9606,Low Throughput,-,-,-,-,-,"BIOGRID
"
814018,3190,7157,109431,113010,RP11-575L7.1,-,HNRNPK,TP53,CSBP|HNRPK|TUNP,BCC7|LFS1|P53|TRP53,Affinity Capture-Western,physical,Lee SW (2012),23092970,9606,9606,Low Throughput,-,-,-,-,-,"BIOGRID
"
814019,7157,3190,113010,109431,-,RP11-575L7.1,TP53,HNRNPK,BCC7|LFS1|P53|TRP53,CSBP|HNRPK|TUNP,Affinity Capture-Western,physical,Lee SW (2012),23092970,9606,9606,Low Throughput,-,-,-,-,-,"BIOGRID
"
814020,3190,4193,109431,110358,RP11-575L7.1,-,HNRNPK,MDM2,CSBP|HNRPK|TUNP,ACTFS|HDMX|hdm2,Reconstituted Complex,physical,Lee SW (2012),23092970,9606,9606,Low Throughput,-,-,-,-,-,"BIOGRID
"
814021,3190,7157,109431,113010,RP11-575L7.1,-,HNRNPK,TP53,CSBP|HNRPK|TUNP,BCC7|LFS1|P53|TRP53,Reconstituted Complex,physical,Lee SW (2012),23092970,9606,9606,Low Throughput,-,-,-,-,-,"BIOGRID
"
814022,7341,3190,113188,109431,OK/SW-cl.43,RP11-575L7.1,SUMO1,HNRNPK,DAP1|GMP1|OFC10|PIC1|SENP2|SMT3|SMT3C|SMT3H3|UBL1,CSBP|HNRPK|TUNP,Reconstituted Complex,physical,Lee SW (2012),23092970,9606,9606,Low Throughput,-,-,-,-,-,"BIOGRID
"
814023,3190,10401,109431,115673,RP11-575L7.1,-,HNRNPK,PIAS3,CSBP|HNRPK|TUNP,ZMIZ5,Affinity Capture-Western,physical,Lee SW (2012),23092970,9606,9606,Low Throughput,-,-,-,-,-,"BIOGRID
"
814024,3190,59343,109431,121885,RP11-575L7.1,-,HNRNPK,SENP2,CSBP|HNRPK|TUNP,AXAM2|SMT3IP2,Affinity Capture-Western,physical,Lee SW (2012),23092970,9606,9606,Low Throughput,-,-,-,-,-,"BIOGRID
"
814025,59343,3190,121885,109431,-,RP11-575L7.1,SENP2,HNRNPK,AXAM2|SMT3IP2,CSBP|HNRPK|TUNP,Affinity Capture-Western,physical,Lee SW (2012),23092970,9606,9606,Low Throughput,-,-,-,-,-,"BIOGRID
"
815663,57154,3190,121411,109431,-,RP11-575L7.1,SMURF1,HNRNPK,-,CSBP|HNRPK|TUNP,Affinity Capture-MS,physical,Xie Y (2013),23184937,9606,9606,High Throughput,-,-,-,T-REx-293 cell line;  exogenous expression of bait,-,"BIOGRID
"
818038,3003,3190,109258,109431,-,RP11-575L7.1,GZMK,HNRNPK,TRYP2,CSBP|HNRPK|TUNP,Biochemical Activity,physical,Bovenschen N (2009),19059912,9606,9606,Low Throughput,-,Proteolytic Processing,-,-,-,"BIOGRID
"
818040,3001,3190,109256,109431,-,RP11-575L7.1,GZMA,HNRNPK,CTLA3|HFSP,CSBP|HNRPK|TUNP,Biochemical Activity,physical,Bovenschen N (2009),19059912,9606,9606,Low Throughput,-,Proteolytic Processing,-,-,-,"BIOGRID
"
824583,3190,5514,109431,111506,RP11-575L7.1,DADB-129D20.4,HNRNPK,PPP1R10,CSBP|HNRPK|TUNP,CAT53|FB19|PNUTS|PP1R10|R111|p99,Reconstituted Complex,physical,Kim YM (2003),12574161,9606,9606,Low Throughput,-,-,-,-,-,"BIOGRID
"
826525,2335,3190,108621,109431,-,RP11-575L7.1,FN1,HNRNPK,CIG|ED-B|FINC|FN|FNZ|GFND|GFND2|LETS|MSF,CSBP|HNRPK|TUNP,Affinity Capture-MS,physical,Humphries JD (2009),19738201,9606,9606,High Throughput,-,-,-,exogenous expression of bait,-,"BIOGRID
"
826681,7412,3190,113255,109431,-,RP11-575L7.1,VCAM1,HNRNPK,CD106|INCAM-100,CSBP|HNRPK|TUNP,Affinity Capture-MS,physical,Humphries JD (2009),19738201,9606,9606,High Throughput,-,-,-,exogenous expression of bait,-,"BIOGRID
"
827303,6626,3190,112510,109431,-,RP11-575L7.1,SNRPA,HNRNPK,Mud1|U1-A|U1A,CSBP|HNRPK|TUNP,Two-hybrid,physical,Hegele A (2012),22365833,9606,9606,High Throughput,-,-,-,-,-,"BIOGRID
"
827527,11338,3190,116466,109431,-,RP11-575L7.1,U2AF2,HNRNPK,U2AF65,CSBP|HNRPK|TUNP,Two-hybrid,physical,Hegele A (2012),22365833,9606,9606,High Throughput,-,-,-,-,-,"BIOGRID
"
827597,55749,3190,120867,109431,RP11-437A18.1,RP11-575L7.1,CCAR1,HNRNPK,-,CSBP|HNRPK|TUNP,Two-hybrid,physical,Hegele A (2012),22365833,9606,9606,High Throughput,-,-,-,-,-,"BIOGRID
"
827616,8241,3190,113869,109431,CTD-2522E6.5,RP11-575L7.1,RBM10,HNRNPK,DXS8237E|GPATC9|GPATCH9|S1-1|TARPS|ZRANB5,CSBP|HNRPK|TUNP,Two-hybrid,physical,Hegele A (2012),22365833,9606,9606,High Throughput,-,-,-,-,-,"BIOGRID
"
827634,7536,3190,113368,109431,-,RP11-575L7.1,SF1,HNRNPK,BBP|D11S636|MBBP|ZCCHC25|ZFM1|ZNF162,CSBP|HNRPK|TUNP,Two-hybrid,physical,Hegele A (2012),22365833,9606,9606,High Throughput,-,-,-,-,-,"BIOGRID
"
827679,1994,3190,108309,109431,-,RP11-575L7.1,ELAVL1,HNRNPK,ELAV1|HUR|Hua|MelG,CSBP|HNRPK|TUNP,Two-hybrid,physical,Hegele A (2012),22365833,9606,9606,High Throughput,-,-,-,-,-,"BIOGRID
"
827695,51593,3190,119626,109431,-,RP11-575L7.1,SRRT,HNRNPK,ARS2|ASR2|serrate,CSBP|HNRPK|TUNP,Two-hybrid,physical,Hegele A (2012),22365833,9606,9606,High Throughput,-,-,-,-,-,"BIOGRID
"
827716,10949,3190,116149,109431,-,RP11-575L7.1,HNRNPA0,HNRNPK,HNRPA0,CSBP|HNRPK|TUNP,Two-hybrid,physical,Hegele A (2012),22365833,9606,9606,High Throughput,-,-,-,-,-,"BIOGRID
"
827731,22913,3190,116575,109431,RP1-64K7.1,RP11-575L7.1,RALY,HNRNPK,HNRPCL2|P542,CSBP|HNRPK|TUNP,Two-hybrid,physical,Hegele A (2012),22365833,9606,9606,High Throughput,-,-,-,-,-,"BIOGRID
"
827884,56259,3190,121123,109431,RP5-1118M15.1,RP11-575L7.1,CTNNBL1,HNRNPK,C20orf33|NAP|P14L|PP8304|dJ633O20.1,CSBP|HNRPK|TUNP,Two-hybrid,physical,Hegele A (2012),22365833,9606,9606,High Throughput,-,-,-,-,-,"BIOGRID
"
828174,10521,3190,115776,109431,RP3-434P1.1,RP11-575L7.1,DDX17,HNRNPK,P72|RH70,CSBP|HNRPK|TUNP,Two-hybrid,physical,Hegele A (2012),22365833,9606,9606,High Throughput,-,-,-,-,-,"BIOGRID
"
828181,1655,3190,108021,109431,-,RP11-575L7.1,DDX5,HNRNPK,G17P1|HLR1|HUMP68|p68,CSBP|HNRPK|TUNP,Two-hybrid,physical,Hegele A (2012),22365833,9606,9606,High Throughput,-,-,-,-,-,"BIOGRID
"
828207,10492,3190,115755,109431,RP1-3J17.2,RP11-575L7.1,SYNCRIP,HNRNPK,GRY-RBP|GRYRBP|HNRNPQ|HNRPQ1|NSAP1|PP68|hnRNP-Q,CSBP|HNRPK|TUNP,Two-hybrid,physical,Hegele A (2012),22365833,9606,9606,High Throughput,-,-,-,-,-,"BIOGRID
"
828208,3190,6626,109431,112510,RP11-575L7.1,-,HNRNPK,SNRPA,CSBP|HNRPK|TUNP,Mud1|U1-A|U1A,Two-hybrid,physical,Hegele A (2012),22365833,9606,9606,High Throughput,-,-,-,-,-,"BIOGRID
"
828209,3190,11338,109431,116466,RP11-575L7.1,-,HNRNPK,U2AF2,CSBP|HNRPK|TUNP,U2AF65,Two-hybrid,physical,Hegele A (2012),22365833,9606,9606,High Throughput,-,-,-,-,-,"BIOGRID
"
828210,3190,55749,109431,120867,RP11-575L7.1,RP11-437A18.1,HNRNPK,CCAR1,CSBP|HNRPK|TUNP,-,Two-hybrid,physical,Hegele A (2012),22365833,9606,9606,High Throughput,-,-,-,-,-,"BIOGRID
"
828211,3190,8241,109431,113869,RP11-575L7.1,CTD-2522E6.5,HNRNPK,RBM10,CSBP|HNRPK|TUNP,DXS8237E|GPATC9|GPATCH9|S1-1|TARPS|ZRANB5,Two-hybrid,physical,Hegele A (2012),22365833,9606,9606,High Throughput,-,-,-,-,-,"BIOGRID
"
828212,3190,7536,109431,113368,RP11-575L7.1,-,HNRNPK,SF1,CSBP|HNRPK|TUNP,BBP|D11S636|MBBP|ZCCHC25|ZFM1|ZNF162,Two-hybrid,physical,Hegele A (2012),22365833,9606,9606,High Throughput,-,-,-,-,-,"BIOGRID
"
828213,3190,1994,109431,108309,RP11-575L7.1,-,HNRNPK,ELAVL1,CSBP|HNRPK|TUNP,ELAV1|HUR|Hua|MelG,Two-hybrid,physical,Hegele A (2012),22365833,9606,9606,High Throughput,-,-,-,-,-,"BIOGRID
"
828214,3190,51593,109431,119626,RP11-575L7.1,-,HNRNPK,SRRT,CSBP|HNRPK|TUNP,ARS2|ASR2|serrate,Two-hybrid,physical,Hegele A (2012),22365833,9606,9606,High Throughput,-,-,-,-,-,"BIOGRID
"
828215,3190,10949,109431,116149,RP11-575L7.1,-,HNRNPK,HNRNPA0,CSBP|HNRPK|TUNP,HNRPA0,Two-hybrid,physical,Hegele A (2012),22365833,9606,9606,High Throughput,-,-,-,-,-,"BIOGRID
"
828216,3190,22913,109431,116575,RP11-575L7.1,RP1-64K7.1,HNRNPK,RALY,CSBP|HNRPK|TUNP,HNRPCL2|P542,Two-hybrid,physical,Hegele A (2012),22365833,9606,9606,High Throughput,-,-,-,-,-,"BIOGRID
"
828217,3190,56259,109431,121123,RP11-575L7.1,RP5-1118M15.1,HNRNPK,CTNNBL1,CSBP|HNRPK|TUNP,C20orf33|NAP|P14L|PP8304|dJ633O20.1,Two-hybrid,physical,Hegele A (2012),22365833,9606,9606,High Throughput,-,-,-,-,-,"BIOGRID
"
828218,3190,10521,109431,115776,RP11-575L7.1,RP3-434P1.1,HNRNPK,DDX17,CSBP|HNRPK|TUNP,P72|RH70,Two-hybrid,physical,Hegele A (2012),22365833,9606,9606,High Throughput,-,-,-,-,-,"BIOGRID
"
828219,3190,1655,109431,108021,RP11-575L7.1,-,HNRNPK,DDX5,CSBP|HNRPK|TUNP,G17P1|HLR1|HUMP68|p68,Two-hybrid,physical,Hegele A (2012),22365833,9606,9606,High Throughput,-,-,-,-,-,"BIOGRID
"
828220,3190,10492,109431,115755,RP11-575L7.1,RP1-3J17.2,HNRNPK,SYNCRIP,CSBP|HNRPK|TUNP,GRY-RBP|GRYRBP|HNRNPQ|HNRPQ1|NSAP1|PP68|hnRNP-Q,Two-hybrid,physical,Hegele A (2012),22365833,9606,9606,High Throughput,-,-,-,-,-,"BIOGRID
"
828221,3190,3190,109431,109431,RP11-575L7.1,RP11-575L7.1,HNRNPK,HNRNPK,CSBP|HNRPK|TUNP,CSBP|HNRPK|TUNP,Two-hybrid,physical,Hegele A (2012),22365833,9606,9606,High Throughput,-,-,-,-,-,"BIOGRID
"
828221,3190,3190,109431,109431,RP11-575L7.1,RP11-575L7.1,HNRNPK,HNRNPK,CSBP|HNRPK|TUNP,CSBP|HNRPK|TUNP,Two-hybrid,physical,Hegele A (2012),22365833,9606,9606,High Throughput,-,-,-,-,-,"BIOGRID
"
828222,3190,27316,109431,118134,RP11-575L7.1,RP11-1114A5.1,HNRNPK,RBMX,CSBP|HNRPK|TUNP,HNRNPG|HNRPG|RBMXP1|RBMXRT|RNMX|hnRNP-G,Two-hybrid,physical,Hegele A (2012),22365833,9606,9606,High Throughput,-,-,-,-,-,"BIOGRID
"
828223,3190,1660,109431,108025,RP11-575L7.1,-,HNRNPK,DHX9,CSBP|HNRPK|TUNP,DDX9|LKP|NDH2|NDHII|RHA,Two-hybrid,physical,Hegele A (2012),22365833,9606,9606,High Throughput,-,-,-,-,-,"BIOGRID
"
828224,3190,1153,109431,107573,RP11-575L7.1,-,HNRNPK,CIRBP,CSBP|HNRPK|TUNP,CIRP,Two-hybrid,physical,Hegele A (2012),22365833,9606,9606,High Throughput,-,-,-,-,-,"BIOGRID
"
828225,3190,5936,109431,111871,RP11-575L7.1,RP11-658F2.8,HNRNPK,RBM4,CSBP|HNRPK|TUNP,LARK|RBM4A|ZCCHC21|ZCRB3A,Two-hybrid,physical,Hegele A (2012),22365833,9606,9606,High Throughput,-,-,-,-,-,"BIOGRID
"
828226,3190,3184,109431,109425,RP11-575L7.1,-,HNRNPK,HNRNPD,CSBP|HNRPK|TUNP,AUF1|AUF1A|HNRPD|P37|hnRNPD0,Two-hybrid,physical,Hegele A (2012),22365833,9606,9606,High Throughput,-,-,-,-,-,"BIOGRID
"
828227,3190,79171,109431,122588,RP11-575L7.1,-,HNRNPK,RBM42,CSBP|HNRPK|TUNP,-,Two-hybrid,physical,Hegele A (2012),22365833,9606,9606,High Throughput,-,-,-,-,-,"BIOGRID
"
828228,3190,26986,109431,117939,RP11-575L7.1,-,HNRNPK,PABPC1,CSBP|HNRPK|TUNP,PAB1|PABP|PABP1|PABPC2|PABPL1,Two-hybrid,physical,Hegele A (2012),22365833,9606,9606,High Throughput,-,-,-,-,-,"BIOGRID
"
828229,3190,10656,109431,115899,RP11-575L7.1,-,HNRNPK,KHDRBS3,CSBP|HNRPK|TUNP,Etle|SALP|SLM-2|SLM2|T-STAR|TSTAR|etoile,Two-hybrid,physical,Hegele A (2012),22365833,9606,9606,High Throughput,-,-,-,-,-,"BIOGRID
"
828230,3190,10657,109431,115900,RP11-575L7.1,-,HNRNPK,KHDRBS1,CSBP|HNRPK|TUNP,Sam68|p62|p68,Two-hybrid,physical,Hegele A (2012),22365833,9606,9606,High Throughput,-,-,-,-,-,"BIOGRID
"
828231,3190,23543,109431,117087,RP11-575L7.1,RP1-41P2.9,HNRNPK,RBFOX2,CSBP|HNRPK|TUNP,FOX2|Fox-2|HNRBP2|HRNBP2|RBM9|RTA|dJ106I20.3|fxh,Two-hybrid,physical,Hegele A (2012),22365833,9606,9606,High Throughput,-,-,-,-,-,"BIOGRID
"
828233,27316,3190,118134,109431,RP11-1114A5.1,RP11-575L7.1,RBMX,HNRNPK,HNRNPG|HNRPG|RBMXP1|RBMXRT|RNMX|hnRNP-G,CSBP|HNRPK|TUNP,Two-hybrid,physical,Hegele A (2012),22365833,9606,9606,High Throughput,-,-,-,-,-,"BIOGRID
"
828265,1660,3190,108025,109431,-,RP11-575L7.1,DHX9,HNRNPK,DDX9|LKP|NDH2|NDHII|RHA,CSBP|HNRPK|TUNP,Two-hybrid,physical,Hegele A (2012),22365833,9606,9606,High Throughput,-,-,-,-,-,"BIOGRID
"
828269,1153,3190,107573,109431,-,RP11-575L7.1,CIRBP,HNRNPK,CIRP,CSBP|HNRPK|TUNP,Two-hybrid,physical,Hegele A (2012),22365833,9606,9606,High Throughput,-,-,-,-,-,"BIOGRID
"
828291,5936,3190,111871,109431,RP11-658F2.8,RP11-575L7.1,RBM4,HNRNPK,LARK|RBM4A|ZCCHC21|ZCRB3A,CSBP|HNRPK|TUNP,Two-hybrid,physical,Hegele A (2012),22365833,9606,9606,High Throughput,-,-,-,-,-,"BIOGRID
"
828362,3184,3190,109425,109431,-,RP11-575L7.1,HNRNPD,HNRNPK,AUF1|AUF1A|HNRPD|P37|hnRNPD0,CSBP|HNRPK|TUNP,Two-hybrid,physical,Hegele A (2012),22365833,9606,9606,High Throughput,-,-,-,-,-,"BIOGRID
"
828428,79171,3190,122588,109431,-,RP11-575L7.1,RBM42,HNRNPK,-,CSBP|HNRPK|TUNP,Two-hybrid,physical,Hegele A (2012),22365833,9606,9606,High Throughput,-,-,-,-,-,"BIOGRID
"
828491,26986,3190,117939,109431,-,RP11-575L7.1,PABPC1,HNRNPK,PAB1|PABP|PABP1|PABPC2|PABPL1,CSBP|HNRPK|TUNP,Two-hybrid,physical,Hegele A (2012),22365833,9606,9606,High Throughput,-,-,-,-,-,"BIOGRID
"
828544,10656,3190,115899,109431,-,RP11-575L7.1,KHDRBS3,HNRNPK,Etle|SALP|SLM-2|SLM2|T-STAR|TSTAR|etoile,CSBP|HNRPK|TUNP,Two-hybrid,physical,Hegele A (2012),22365833,9606,9606,High Throughput,-,-,-,-,-,"BIOGRID
"
828552,10657,3190,115900,109431,-,RP11-575L7.1,KHDRBS1,HNRNPK,Sam68|p62|p68,CSBP|HNRPK|TUNP,Two-hybrid,physical,Hegele A (2012),22365833,9606,9606,High Throughput,-,-,-,-,-,"BIOGRID
"
828568,23543,3190,117087,109431,RP1-41P2.9,RP11-575L7.1,RBFOX2,HNRNPK,FOX2|Fox-2|HNRBP2|HRNBP2|RBM9|RTA|dJ106I20.3|fxh,CSBP|HNRPK|TUNP,Two-hybrid,physical,Hegele A (2012),22365833,9606,9606,High Throughput,-,-,-,-,-,"BIOGRID
"
829671,8626,3190,114181,109431,-,RP11-575L7.1,TP63,HNRNPK,AIS|B(p51A)|B(p51B)|EEC3|KET|LMS|NBP|OFC8|RHS|SHFM4|TP53CP|TP53L|TP73L|p40|p51|p53CP|p63|p73H|p73L,CSBP|HNRPK|TUNP,Affinity Capture-MS,physical,Amoresano A (2010),20085233,9606,9606,High Throughput,-,-,-,DeltaNp63alpha,-,"BIOGRID
"
829700,8626,3190,114181,109431,-,RP11-575L7.1,TP63,HNRNPK,AIS|B(p51A)|B(p51B)|EEC3|KET|LMS|NBP|OFC8|RHS|SHFM4|TP53CP|TP53L|TP73L|p40|p51|p53CP|p63|p73H|p73L,CSBP|HNRPK|TUNP,Affinity Capture-Western,physical,Amoresano A (2010),20085233,9606,9606,Low Throughput,-,-,-,DeltaNp63alpha,-,"BIOGRID
"
829701,3190,8626,109431,114181,RP11-575L7.1,-,HNRNPK,TP63,CSBP|HNRPK|TUNP,AIS|B(p51A)|B(p51B)|EEC3|KET|LMS|NBP|OFC8|RHS|SHFM4|TP53CP|TP53L|TP73L|p40|p51|p53CP|p63|p73H|p73L,Affinity Capture-Western,physical,Amoresano A (2010),20085233,9606,9606,Low Throughput,-,-,-,DeltaNp63alpha,-,"BIOGRID
"
830400,13385,3190,199230,109431,RP23-172M21.9,RP11-575L7.1,Dlg4,HNRNPK,Dlgh4|PSD-95|PSD95|SAP90|SAP90A,CSBP|HNRPK|TUNP,Protein-peptide,physical,Arbuckle MI (2010),20467438,10090,9606,Low Throughput,-,-,-,-,-,"BIOGRID
"
836566,8266,3190,113885,109431,XX-FW89031B12.1,RP11-575L7.1,UBL4A,HNRNPK,DX254E|DXS254E|G6PD|GDX|GET5|MDY2|TMA24|UBL4,CSBP|HNRPK|TUNP,Affinity Capture-MS,physical,Xu Y (2012),23246001,9606,9606,High Throughput,-,-,-,Flag-tagged Ubl4a together with His-Bag6 is used to pull down interacting proteins which are identified by MS,-,"BIOGRID
"
836889,3676,3190,109883,109431,-,RP11-575L7.1,ITGA4,HNRNPK,CD49D|IA4,CSBP|HNRPK|TUNP,Affinity Capture-MS,physical,Byron A (2012),22623428,9606,9606,Low Throughput,-,-,-,exogenous expression of bait,-,"BIOGRID
"
853332,1499,3190,107880,109431,OK/SW-cl.35,RP11-575L7.1,CTNNB1,HNRNPK,CTNNB|MRD19|armadillo,CSBP|HNRPK|TUNP,Affinity Capture-Western,physical,Sato S (2005),16230076,9606,9606,Low Throughput,-,-,-,-,-,"BIOGRID
"
861286,975,3190,107413,109431,-,RP11-575L7.1,CD81,HNRNPK,CVID6|S5.7|TAPA1|TSPAN28,CSBP|HNRPK|TUNP,Affinity Capture-MS,physical,Perez-Hernandez D (2013),23463506,9606,9606,High Throughput,-,-,-,-,-,"BIOGRID
"
861445,93185,3190,125011,109431,RP11-536C5.3,RP11-575L7.1,IGSF8,HNRNPK,CD316|CD81P3|EWI-2|EWI2|KCT-4|LIR-D1|PGRL,CSBP|HNRPK|TUNP,Affinity Capture-MS,physical,Perez-Hernandez D (2013),23463506,9606,9606,High Throughput,-,-,-,-,-,"BIOGRID
"
861590,3383,3190,109610,109431,-,RP11-575L7.1,ICAM1,HNRNPK,BB2|CD54|P3.58,CSBP|HNRPK|TUNP,Affinity Capture-MS,physical,Perez-Hernandez D (2013),23463506,9606,9606,High Throughput,-,-,-,-,-,"BIOGRID
"
868445,4067,3190,110245,109431,-,RP11-575L7.1,LYN,HNRNPK,JTK8|p53Lyn|p56Lyn,CSBP|HNRPK|TUNP,Affinity Capture-Luminescence,physical,Zhu J (2013),23503679,9606,9606,High Throughput,-,-,-,-,-,"BIOGRID
"
868520,4067,3190,110245,109431,-,RP11-575L7.1,LYN,HNRNPK,JTK8|p53Lyn|p56Lyn,CSBP|HNRPK|TUNP,Affinity Capture-Western,physical,Zhu J (2013),23503679,9606,9606,Low Throughput,-,-,-,-,-,"BIOGRID
"
875967,154,3190,106663,109431,-,RP11-575L7.1,ADRB2,HNRNPK,ADRB2R|ADRBR|B2AR|BAR|BETA2AR,CSBP|HNRPK|TUNP,Affinity Capture-MS,physical,Roy SJ (2013),23798571,9606,9606,High Throughput,-,-,-,exogenous expression of bait,-,"BIOGRID
"
876136,9531,3190,114907,109431,-,RP11-575L7.1,BAG3,HNRNPK,BAG-3|BIS|CAIR-1|MFM6,CSBP|HNRPK|TUNP,Affinity Capture-MS,physical,Chen Y (2013),23824909,9606,9606,High Throughput,-,-,-,-,-,"BIOGRID
"
891779,8945,3190,114457,109431,RP11-529I10.2,RP11-575L7.1,BTRC,HNRNPK,BETA-TRCP|FBW1A|FBXW1|FBXW1A|FWD1|bTrCP|bTrCP1|betaTrCP,CSBP|HNRPK|TUNP,Two-hybrid,physical,Wang J (2011),21988832,9606,9606,High Throughput,-,-,-,-,-,"BIOGRID
"
892165,3190,4088,109431,110263,RP11-575L7.1,-,HNRNPK,SMAD3,CSBP|HNRPK|TUNP,HSPC193|HsT17436|JV15-2|LDS1C|LDS3|MADH3,Two-hybrid,physical,Wang J (2011),21988832,9606,9606,High Throughput,-,-,-,-,-,"BIOGRID
"
892166,3190,10657,109431,115900,RP11-575L7.1,-,HNRNPK,KHDRBS1,CSBP|HNRPK|TUNP,Sam68|p62|p68,Two-hybrid,physical,Wang J (2011),21988832,9606,9606,High Throughput,-,-,-,-,-,"BIOGRID
"
892167,3190,57161,109431,121417,RP11-575L7.1,-,HNRNPK,PELI2,CSBP|HNRPK|TUNP,-,Two-hybrid,physical,Wang J (2011),21988832,9606,9606,High Throughput,-,-,-,-,-,"BIOGRID
"
892862,1026,3190,107460,109431,-,RP11-575L7.1,CDKN1A,HNRNPK,CAP20|CDKN1|CIP1|MDA-6|P21|SDI1|WAF1|p21CIP1,CSBP|HNRPK|TUNP,Two-hybrid,physical,Wang J (2011),21988832,9606,9606,High Throughput,-,-,-,-,-,"BIOGRID
"
892863,2885,3190,109142,109431,-,RP11-575L7.1,GRB2,HNRNPK,ASH|EGFRBP-GRB2|Grb3-3|MST084|MSTP084|NCKAP2,CSBP|HNRPK|TUNP,Two-hybrid,physical,Wang J (2011),21988832,9606,9606,High Throughput,-,-,-,-,-,"BIOGRID
"
907608,10971,3190,116168,109431,-,RP11-575L7.1,YWHAQ,HNRNPK,14-3-3|1C5|HS1,CSBP|HNRPK|TUNP,Reconstituted Complex,physical,Meek SE (2004),15161933,9606,9606,High Throughput,-,-,-,-,-,"BIOGRID
"
913087,26270,3190,117654,109431,RP3-330O12.3,RP11-575L7.1,FBXO6,HNRNPK,FBG2|FBS2|FBX6|Fbx6b,CSBP|HNRPK|TUNP,Affinity Capture-MS,physical,Liu B (2012),22268729,9606,9606,High Throughput,-,-,-,exogenous expression of bait,-,"BIOGRID
"
915464,5071,3190,111105,109431,KB-152G3.1,RP11-575L7.1,PARK2,HNRNPK,AR-JP|LPRS2|PDJ|PRKN,CSBP|HNRPK|TUNP,Affinity Capture-MS,physical,Zanon A (2013),24244333,9606,9606,High Throughput,-,-,-,-,-,"BIOGRID
"
919423,10915,3190,116120,109431,-,RP11-575L7.1,TCERG1,HNRNPK,CA150|TAF2S|Urn1,CSBP|HNRPK|TUNP,Reconstituted Complex,physical,Ingham RJ (2005),16055720,9606,9606,Low Throughput,-,-,-,-,-,"BIOGRID
"
919476,55660,3190,120792,109431,HSPC225,RP11-575L7.1,PRPF40A,HNRNPK,FBP-11|FBP11|FLAF1|FNBP3|HIP-10|HIP10|HYPA|NY-REN-6|Prp40,CSBP|HNRPK|TUNP,Reconstituted Complex,physical,Ingham RJ (2005),16055720,9606,9606,Low Throughput,-,-,-,-,-,"BIOGRID
"
919500,11193,3190,116363,109431,-,RP11-575L7.1,WBP4,HNRNPK,FBP21,CSBP|HNRPK|TUNP,Reconstituted Complex,physical,Ingham RJ (2005),16055720,9606,9606,Low Throughput,-,-,-,-,-,"BIOGRID
"
919542,322,3190,106819,109431,-,RP11-575L7.1,APBB1,HNRNPK,FE65|MGC:9072|RIR,CSBP|HNRPK|TUNP,Reconstituted Complex,physical,Ingham RJ (2005),16055720,9606,9606,Low Throughput,-,-,-,-,-,"BIOGRID
"
919610,4734,3190,110811,109431,PIG53,RP11-575L7.1,NEDD4,HNRNPK,NEDD4-1|RPF1,CSBP|HNRPK|TUNP,Reconstituted Complex,physical,Ingham RJ (2005),16055720,9606,9606,Low Throughput,-,-,-,-,-,"BIOGRID
"
919642,5300,3190,111317,109431,-,RP11-575L7.1,PIN1,HNRNPK,DOD|UBL5,CSBP|HNRPK|TUNP,Reconstituted Complex,physical,Ingham RJ (2005),16055720,9606,9606,Low Throughput,-,-,-,-,-,"BIOGRID
"
919681,51741,3190,119707,109431,-,RP11-575L7.1,WWOX,HNRNPK,D16S432E|FOR|FRA16D|HHCMA56|PRO0128|SCAR12|SDR41C1|WOX1,CSBP|HNRPK|TUNP,Reconstituted Complex,physical,Ingham RJ (2005),16055720,9606,9606,Low Throughput,-,-,-,-,-,"BIOGRID
"
920137,3190,328,109431,106825,RP11-575L7.1,-,HNRNPK,APEX1,CSBP|HNRPK|TUNP,APE|APE1|APEN|APEX|APX|HAP1|REF1,Co-fractionation,physical,Kristensen AR (2012),22863883,9606,9606,High Throughput,-,-,-,-,-,"BIOGRID
"
921933,1983,3190,108298,109431,-,RP11-575L7.1,EIF5,HNRNPK,EIF-5|EIF-5A,CSBP|HNRPK|TUNP,Co-fractionation,physical,Kristensen AR (2012),22863883,9606,9606,High Throughput,-,-,-,-,-,"BIOGRID
"
921934,10979,3190,116175,109431,-,RP11-575L7.1,FERMT2,HNRNPK,KIND2|MIG2|PLEKHC1|UNC112|UNC112B|mig-2,CSBP|HNRPK|TUNP,Co-fractionation,physical,Kristensen AR (2012),22863883,9606,9606,High Throughput,-,-,-,-,-,"BIOGRID
"
921935,56061,3190,121034,109431,-,RP11-575L7.1,UBFD1,HNRNPK,UBPH,CSBP|HNRPK|TUNP,Co-fractionation,physical,Kristensen AR (2012),22863883,9606,9606,High Throughput,-,-,-,-,-,"BIOGRID
"
921936,7514,3190,113348,109431,-,RP11-575L7.1,XPO1,HNRNPK,CRM1|emb|exp1,CSBP|HNRPK|TUNP,Co-fractionation,physical,Kristensen AR (2012),22863883,9606,9606,High Throughput,-,-,-,-,-,"BIOGRID
"
921937,7533,3190,113365,109431,LL22NC03-44A4.1,RP11-575L7.1,YWHAH,HNRNPK,YWHA1,CSBP|HNRPK|TUNP,Co-fractionation,physical,Kristensen AR (2012),22863883,9606,9606,High Throughput,-,-,-,-,-,"BIOGRID
"
922946,3190,93100,109431,125001,RP11-575L7.1,-,HNRNPK,NAPRT,CSBP|HNRPK|TUNP,NAPRT1|PP3856,Co-fractionation,physical,Kristensen AR (2012),22863883,9606,9606,High Throughput,-,-,-,-,-,"BIOGRID
"
922986,3190,4691,109431,110771,RP11-575L7.1,-,HNRNPK,NCL,CSBP|HNRPK|TUNP,C23,Co-fractionation,physical,Kristensen AR (2012),22863883,9606,9606,High Throughput,-,-,-,-,-,"BIOGRID
"
934169,6117,3190,112037,109431,-,RP11-575L7.1,RPA1,HNRNPK,HSSB|MST075|REPA1|RF-A|RP-A|RPA70,CSBP|HNRPK|TUNP,Affinity Capture-MS,physical,Marechal A (2014),24332808,9606,9606,High Throughput,-,-,-,-,-,"BIOGRID
"
934202,6118,3190,112038,109431,RP4-547C9.3,RP11-575L7.1,RPA2,HNRNPK,REPA2|RP-A p32|RP-A p34|RPA32,CSBP|HNRPK|TUNP,Affinity Capture-MS,physical,Marechal A (2014),24332808,9606,9606,High Throughput,-,-,-,-,-,"BIOGRID
"
934235,6119,3190,112039,109431,-,RP11-575L7.1,RPA3,HNRNPK,REPA3,CSBP|HNRPK|TUNP,Affinity Capture-MS,physical,Marechal A (2014),24332808,9606,9606,High Throughput,-,-,-,-,-,"BIOGRID
"
935716,51676,3190,119674,109431,-,RP11-575L7.1,ASB2,HNRNPK,ASB-2,CSBP|HNRPK|TUNP,Affinity Capture-MS,physical,Andresen CA (2014),24337577,9606,9606,High Throughput,-,-,-,-,-,"BIOGRID
"
939197,55366,3190,120644,109431,-,RP11-575L7.1,LGR4,HNRNPK,BNMD17|GPR48,CSBP|HNRPK|TUNP,Affinity Capture-MS,physical,Carmon KS (2014),24639526,9606,9606,High Throughput,-,-,-,-,-,"BIOGRID
"
949584,10625,3190,115869,109431,RP4-635A23.5,RP11-575L7.1,IVNS1ABP,HNRNPK,FLARA3|HSPC068|KLHL39|ND1|NS-1|NS1-BP|NS1BP,CSBP|HNRPK|TUNP,Affinity Capture-MS,physical,Tsai PL (2013),23825951,9606,9606,High Throughput,-,-,-,-,-,"BIOGRID
"
949597,10625,3190,115869,109431,RP4-635A23.5,RP11-575L7.1,IVNS1ABP,HNRNPK,FLARA3|HSPC068|KLHL39|ND1|NS-1|NS1-BP|NS1BP,CSBP|HNRPK|TUNP,Affinity Capture-Western,physical,Tsai PL (2013),23825951,9606,9606,Low Throughput,-,-,-,-,-,"BIOGRID
"
950292,6780,3190,112657,109431,RP3-470L14.2,RP11-575L7.1,STAU1,HNRNPK,PPP1R150|STAU,CSBP|HNRPK|TUNP,Affinity Capture-MS,physical,Milev MP (2012),23125841,9606,9606,High Throughput,-,-,-,-,-,"BIOGRID
"
1029340,7157,3190,113010,109431,-,RP11-575L7.1,TP53,HNRNPK,BCC7|LFS1|P53|TRP53,CSBP|HNRPK|TUNP,Affinity Capture-MS,physical,Horikawa I (2014),25144556,9606,9606,High Throughput,-,-,-,delta-133p53alpha,-,"BIOGRID
"
1029929,10075,3190,115385,109431,RP3-339A18.4,RP11-575L7.1,HUWE1,HNRNPK,ARF-BP1|HECTH9|HSPC272|Ib772|LASU1|MULE|URE-B1|UREB1,CSBP|HNRPK|TUNP,Affinity Capture-MS,physical,Thompson JW (2014),25147182,9606,9606,High Throughput,-,-,-,-,-,"BIOGRID
"
1031826,2521,3190,108797,109431,-,RP11-575L7.1,FUS,HNRNPK,ALS6|ETM4|FUS1|HNRNPP2|POMP75|TLS,CSBP|HNRPK|TUNP,Affinity Capture-MS,physical,Wang T (2014),25192599,9606,9606,High Throughput,-,-,-,-,-,"BIOGRID
"
1036931,362,3190,106858,109431,-,RP11-575L7.1,AQP5,HNRNPK,AQP-5|PPKB,CSBP|HNRPK|TUNP,Two-hybrid,physical,Rolland T (2014),25416956,9606,9606,High Throughput,-,-,-,-,-,"BIOGRID
"
1037564,1153,3190,107573,109431,-,RP11-575L7.1,CIRBP,HNRNPK,CIRP,CSBP|HNRPK|TUNP,Two-hybrid,physical,Rolland T (2014),25416956,9606,9606,High Throughput,-,-,-,-,-,"BIOGRID
"
1037976,1794,3190,108129,109431,-,RP11-575L7.1,DOCK2,HNRNPK,-,CSBP|HNRPK|TUNP,Two-hybrid,physical,Rolland T (2014),25416956,9606,9606,High Throughput,-,-,-,-,-,"BIOGRID
"
1038838,2885,3190,109142,109431,-,RP11-575L7.1,GRB2,HNRNPK,ASH|EGFRBP-GRB2|Grb3-3|MST084|MSTP084|NCKAP2,CSBP|HNRPK|TUNP,Two-hybrid,physical,Rolland T (2014),25416956,9606,9606,High Throughput,-,-,-,-,-,"BIOGRID
"
1038996,3190,3190,109431,109431,RP11-575L7.1,RP11-575L7.1,HNRNPK,HNRNPK,CSBP|HNRPK|TUNP,CSBP|HNRPK|TUNP,Two-hybrid,physical,Rolland T (2014),25416956,9606,9606,High Throughput,-,-,-,-,-,"BIOGRID
"
1038996,3190,3190,109431,109431,RP11-575L7.1,RP11-575L7.1,HNRNPK,HNRNPK,CSBP|HNRPK|TUNP,CSBP|HNRPK|TUNP,Two-hybrid,physical,Rolland T (2014),25416956,9606,9606,High Throughput,-,-,-,-,-,"BIOGRID
"
1038997,3190,5935,109431,111870,RP11-575L7.1,-,HNRNPK,RBM3,CSBP|HNRPK|TUNP,IS1-RNPL|RNPL,Two-hybrid,physical,Rolland T (2014),25416956,9606,9606,High Throughput,-,-,-,-,-,"BIOGRID
"
1038998,3190,5940,109431,111875,RP11-575L7.1,-,HNRNPK,RBMY1A1,CSBP|HNRPK|TUNP,RBM|RBM1|RBM2|RBMY|RBMY1C|YRRM1|YRRM2,Two-hybrid,physical,Rolland T (2014),25416956,9606,9606,High Throughput,-,-,-,-,-,"BIOGRID
"
1038999,3190,6626,109431,112510,RP11-575L7.1,-,HNRNPK,SNRPA,CSBP|HNRPK|TUNP,Mud1|U1-A|U1A,Two-hybrid,physical,Rolland T (2014),25416956,9606,9606,High Throughput,-,-,-,-,-,"BIOGRID
"
1039000,3190,6687,109431,112565,RP11-575L7.1,-,HNRNPK,SPG7,CSBP|HNRPK|TUNP,CAR|CMAR|PGN|SPG5C,Two-hybrid,physical,Rolland T (2014),25416956,9606,9606,High Throughput,-,-,-,-,-,"BIOGRID
"
1039001,3190,7297,109431,113148,RP11-575L7.1,-,HNRNPK,TYK2,CSBP|HNRPK|TUNP,IMD35|JTK1,Two-hybrid,physical,Rolland T (2014),25416956,9606,9606,High Throughput,-,-,-,-,-,"BIOGRID
"
1039002,3190,7307,109431,113157,RP11-575L7.1,-,HNRNPK,U2AF1,CSBP|HNRPK|TUNP,FP793|RN|RNU2AF1|U2AF35|U2AFBP,Two-hybrid,physical,Rolland T (2014),25416956,9606,9606,High Throughput,-,-,-,-,-,"BIOGRID
"
1039003,3190,9444,109431,114834,RP11-575L7.1,-,HNRNPK,QKI,CSBP|HNRPK|TUNP,Hqk|QK|QK1|QK3|hqkI,Two-hybrid,physical,Rolland T (2014),25416956,9606,9606,High Throughput,-,-,-,-,-,"BIOGRID
"
1039004,3190,9782,109431,115126,RP11-575L7.1,-,HNRNPK,MATR3,CSBP|HNRPK|TUNP,ALS21|MPD2|VCPDM,Two-hybrid,physical,Rolland T (2014),25416956,9606,9606,High Throughput,-,-,-,-,-,"BIOGRID
"
1039005,3190,10152,109431,115454,RP11-575L7.1,-,HNRNPK,ABI2,CSBP|HNRPK|TUNP,ABI-2|ABI2B|AIP-1|AblBP3|SSH3BP2|argBP1|argBPIA|argBPIB,Two-hybrid,physical,Rolland T (2014),25416956,9606,9606,High Throughput,-,-,-,-,-,"BIOGRID
"
1039006,3190,10174,109431,115475,RP11-575L7.1,-,HNRNPK,SORBS3,CSBP|HNRPK|TUNP,SCAM-1|SCAM1|SH3D4,Two-hybrid,physical,Rolland T (2014),25416956,9606,9606,High Throughput,-,-,-,-,-,"BIOGRID
"
1039007,3190,26121,109431,117563,RP11-575L7.1,-,HNRNPK,PRPF31,CSBP|HNRPK|TUNP,NY-BR-99|PRP31|RP11|SNRNP61,Two-hybrid,physical,Rolland T (2014),25416956,9606,9606,High Throughput,-,-,-,-,-,"BIOGRID
"
1039008,3190,27316,109431,118134,RP11-575L7.1,RP11-1114A5.1,HNRNPK,RBMX,CSBP|HNRPK|TUNP,HNRNPG|HNRPG|RBMXP1|RBMXRT|RNMX|hnRNP-G,Two-hybrid,physical,Rolland T (2014),25416956,9606,9606,High Throughput,-,-,-,-,-,"BIOGRID
"
1039009,3190,51655,109431,119662,RP11-575L7.1,-,HNRNPK,RASD1,CSBP|HNRPK|TUNP,AGS1|DEXRAS1|MGC:26290,Two-hybrid,physical,Rolland T (2014),25416956,9606,9606,High Throughput,-,-,-,-,-,"BIOGRID
"
1039010,3190,55152,109431,120455,RP11-575L7.1,-,HNRNPK,DALRD3,CSBP|HNRPK|TUNP,-,Two-hybrid,physical,Rolland T (2014),25416956,9606,9606,High Throughput,-,-,-,-,-,"BIOGRID
"
1039011,3190,56122,109431,121062,RP11-575L7.1,-,HNRNPK,PCDHB14,CSBP|HNRPK|TUNP,PCDH-BETA14,Two-hybrid,physical,Rolland T (2014),25416956,9606,9606,High Throughput,-,-,-,-,-,"BIOGRID
"
1039012,3190,57787,109431,121760,RP11-575L7.1,-,HNRNPK,MARK4,CSBP|HNRPK|TUNP,MARK4L|MARK4S|MARKL1|MARKL1L|PAR-1D,Two-hybrid,physical,Rolland T (2014),25416956,9606,9606,High Throughput,-,-,-,-,-,"BIOGRID
"
1039013,3190,80028,109431,123080,RP11-575L7.1,-,HNRNPK,FBXL18,CSBP|HNRPK|TUNP,Fbl18,Two-hybrid,physical,Rolland T (2014),25416956,9606,9606,High Throughput,-,-,-,-,-,"BIOGRID
"
1039014,3190,80125,109431,123126,RP11-575L7.1,-,HNRNPK,CCDC33,CSBP|HNRPK|TUNP,CT61,Two-hybrid,physical,Rolland T (2014),25416956,9606,9606,High Throughput,-,-,-,-,-,"BIOGRID
"
1039015,3190,80742,109431,123286,RP11-575L7.1,DADB-87H23.3,HNRNPK,PRR3,CSBP|HNRPK|TUNP,CAT56,Two-hybrid,physical,Rolland T (2014),25416956,9606,9606,High Throughput,-,-,-,-,-,"BIOGRID
"
1039016,3190,91746,109431,124871,RP11-575L7.1,-,HNRNPK,YTHDC1,CSBP|HNRPK|TUNP,YT521|YT521-B,Two-hybrid,physical,Rolland T (2014),25416956,9606,9606,High Throughput,-,-,-,-,-,"BIOGRID
"
1039017,3190,92906,109431,124985,RP11-575L7.1,BLOCK24,HNRNPK,HNRNPLL,CSBP|HNRPK|TUNP,HNRPLL|SRRF,Two-hybrid,physical,Rolland T (2014),25416956,9606,9606,High Throughput,-,-,-,-,-,"BIOGRID
"
1039018,3190,126375,109431,125986,RP11-575L7.1,-,HNRNPK,ZNF792,CSBP|HNRPK|TUNP,-,Two-hybrid,physical,Rolland T (2014),25416956,9606,9606,High Throughput,-,-,-,-,-,"BIOGRID
"
1039019,3190,159163,109431,127736,RP11-575L7.1,-,HNRNPK,RBMY1F,CSBP|HNRPK|TUNP,YRRM2,Two-hybrid,physical,Rolland T (2014),25416956,9606,9606,High Throughput,-,-,-,-,-,"BIOGRID
"
1039020,3190,196441,109431,128206,RP11-575L7.1,-,HNRNPK,ZFC3H1,CSBP|HNRPK|TUNP,CCDC131|PSRC2,Two-hybrid,physical,Rolland T (2014),25416956,9606,9606,High Throughput,-,-,-,-,-,"BIOGRID
"
1039021,3190,201181,109431,128370,RP11-575L7.1,-,HNRNPK,ZNF385C,CSBP|HNRPK|TUNP,-,Two-hybrid,physical,Rolland T (2014),25416956,9606,9606,High Throughput,-,-,-,-,-,"BIOGRID
"
1039022,3190,285093,109431,130013,RP11-575L7.1,-,HNRNPK,RTP5,CSBP|HNRPK|TUNP,C2orf85|CXXC11|Z3CXXC5,Two-hybrid,physical,Rolland T (2014),25416956,9606,9606,High Throughput,-,-,-,-,-,"BIOGRID
"
1039023,3190,441150,109431,137211,RP11-575L7.1,-,HNRNPK,C6orf226,CSBP|HNRPK|TUNP,-,Two-hybrid,physical,Rolland T (2014),25416956,9606,9606,High Throughput,-,-,-,-,-,"BIOGRID
"
1039024,3190,441208,109431,137264,RP11-575L7.1,-,HNRNPK,ZNRF2P1,CSBP|HNRPK|TUNP,-,Two-hybrid,physical,Rolland T (2014),25416956,9606,9606,High Throughput,-,-,-,-,-,"BIOGRID
"
1056699,8290,3190,113895,109431,-,RP11-575L7.1,HIST3H3,HNRNPK,H3.4|H3/g|H3FT|H3t,CSBP|HNRPK|TUNP,Protein-peptide,physical,Vermeulen M (2010),20850016,9606,9606,High Throughput,-,-,-,H3K9me3,-,"BIOGRID
"
1057771,9820,3190,115159,109431,-,RP11-575L7.1,CUL7,HNRNPK,3M1|KIAA0076|dJ20C7.5,CSBP|HNRPK|TUNP,Affinity Capture-MS,physical,Hanson D (2014),24711643,9606,9606,High Throughput,-,-,-,-,-,"BIOGRID
"
1058371,23363,3190,116944,109431,-,RP11-575L7.1,OBSL1,HNRNPK,-,CSBP|HNRPK|TUNP,Affinity Capture-MS,physical,Hanson D (2014),24711643,9606,9606,High Throughput,-,-,-,-,-,"BIOGRID
"
1063518,8726,3190,114265,109431,-,RP11-575L7.1,EED,HNRNPK,HEED|WAIT1,CSBP|HNRPK|TUNP,Affinity Capture-MS,physical,Cao Q (2014),24457600,9606,9606,High Throughput,-,-,-,-,-,"BIOGRID
"
1067249,5036,3190,111075,109431,-,RP11-575L7.1,PA2G4,HNRNPK,EBP1|HG4-1|p38-2G4,CSBP|HNRPK|TUNP,Affinity Capture-MS,physical,Oh SM (2010),19946338,9606,9606,Low Throughput,-,-,-,Sumoylated Epb1,-,"BIOGRID
"
1101210,6613,3190,112497,109431,-,RP11-575L7.1,SUMO2,HNRNPK,HSMT3|SMT3B|SMT3H2|SUMO3|Smt3A,CSBP|HNRPK|TUNP,Reconstituted Complex,physical,Ouyang J (2009),19394292,9606,9606,High Throughput,-,-,-,#LPPI|Likely protein-protein interaction,-,"BIOGRID
"
1103719,51548,3190,119603,109431,-,RP11-575L7.1,SIRT6,HNRNPK,SIR2L6,CSBP|HNRPK|TUNP,Affinity Capture-MS,physical,Simeoni F (2013),24169447,9606,9606,Low Throughput,-,-,-,-,-,"BIOGRID
"
1241257,6199,3190,112113,109431,-,RP11-575L7.1,RPS6KB2,HNRNPK,KLS|P70-beta|P70-beta-1|P70-beta-2|S6K-beta2|S6K2|SRK|STK14B|p70(S6K)-beta|p70S6Kb,CSBP|HNRPK|TUNP,Affinity Capture-MS,physical,Roy R (2014),25324306,9606,9606,High Throughput,-,-,-,-,-,"BIOGRID
"
1241486,3178,3190,109420,109431,-,RP11-575L7.1,HNRNPA1,HNRNPK,ALS19|ALS20|HNRPA1|HNRPA1L3|IBMPFD3|hnRNP A1|hnRNP-A1,CSBP|HNRPK|TUNP,Affinity Capture-MS,physical,Roy R (2014),25324306,9606,9606,High Throughput,-,-,-,-,-,"BIOGRID
"
1259617,3190,10498,109431,115760,RP11-575L7.1,-,HNRNPK,CARM1,CSBP|HNRPK|TUNP,PRMT4,Co-fractionation,physical,Wan C (2015),26344197,9606,9606,High Throughput,0.10142896,-,-,"""Fractionation was combined with mass spectrometry from five diverse animal species to predict co-complex protein interactions conserved across metazoa using an integrative computational scoring procedure along with an SVM approach. The significant data set of 16655 PPI"," was derived from a set of more than 1M interactions by examining a ROC curve of predicted interactions against reference annotated complexes at a 67.5% cumulative precision.""",-,"BIOGRID
"
1263175,47,3190,106563,109431,-,RP11-575L7.1,ACLY,HNRNPK,ACL|ATPCL|CLATP,CSBP|HNRPK|TUNP,Co-fractionation,physical,Wan C (2015),26344197,9606,9606,High Throughput,0.071296461,-,-,"""Fractionation was combined with mass spectrometry from five diverse animal species to predict co-complex protein interactions conserved across metazoa using an integrative computational scoring procedure along with an SVM approach. The significant data set of 16655 PPI"," was derived from a set of more than 1M interactions by examining a ROC curve of predicted interactions against reference annotated complexes at a 67.5% cumulative precision.""",-,"BIOGRID
"
1263176,1936,3190,108256,109431,UNQ601,RP11-575L7.1,EEF1D,HNRNPK,EF-1D|EF1D|FP1047,CSBP|HNRPK|TUNP,Co-fractionation,physical,Wan C (2015),26344197,9606,9606,High Throughput,0.114115987,-,-,"""Fractionation was combined with mass spectrometry from five diverse animal species to predict co-complex protein interactions conserved across metazoa using an integrative computational scoring procedure along with an SVM approach. The significant data set of 16655 PPI"," was derived from a set of more than 1M interactions by examining a ROC curve of predicted interactions against reference annotated complexes at a 67.5% cumulative precision.""",-,"BIOGRID
"
1263177,60528,3190,121937,109431,-,RP11-575L7.1,ELAC2,HNRNPK,COXPD17|ELC2|HPC2,CSBP|HNRPK|TUNP,Co-fractionation,physical,Wan C (2015),26344197,9606,9606,High Throughput,0.079732002,-,-,"""Fractionation was combined with mass spectrometry from five diverse animal species to predict co-complex protein interactions conserved across metazoa using an integrative computational scoring procedure along with an SVM approach. The significant data set of 16655 PPI"," was derived from a set of more than 1M interactions by examining a ROC curve of predicted interactions against reference annotated complexes at a 67.5% cumulative precision.""",-,"BIOGRID
"
1263178,9146,3190,114593,109431,-,RP11-575L7.1,HGS,HNRNPK,HRS,CSBP|HNRPK|TUNP,Co-fractionation,physical,Wan C (2015),26344197,9606,9606,High Throughput,0.074626144,-,-,"""Fractionation was combined with mass spectrometry from five diverse animal species to predict co-complex protein interactions conserved across metazoa using an integrative computational scoring procedure along with an SVM approach. The significant data set of 16655 PPI"," was derived from a set of more than 1M interactions by examining a ROC curve of predicted interactions against reference annotated complexes at a 67.5% cumulative precision.""",-,"BIOGRID
"
1263179,3191,3190,109432,109431,P/OKcl.14,RP11-575L7.1,HNRNPL,HNRNPK,HNRPL|hnRNP-L,CSBP|HNRPK|TUNP,Co-fractionation,physical,Wan C (2015),26344197,9606,9606,High Throughput,0.071193105,-,-,"""Fractionation was combined with mass spectrometry from five diverse animal species to predict co-complex protein interactions conserved across metazoa using an integrative computational scoring procedure along with an SVM approach. The significant data set of 16655 PPI"," was derived from a set of more than 1M interactions by examining a ROC curve of predicted interactions against reference annotated complexes at a 67.5% cumulative precision.""",-,"BIOGRID
"
1263180,3192,3190,109433,109431,RP11-11N7.3,RP11-575L7.1,HNRNPU,HNRNPK,HNRPU|SAF-A|U21.1|hnRNP U,CSBP|HNRPK|TUNP,Co-fractionation,physical,Wan C (2015),26344197,9606,9606,High Throughput,0.182676692,-,-,"""Fractionation was combined with mass spectrometry from five diverse animal species to predict co-complex protein interactions conserved across metazoa using an integrative computational scoring procedure along with an SVM approach. The significant data set of 16655 PPI"," was derived from a set of more than 1M interactions by examining a ROC curve of predicted interactions against reference annotated complexes at a 67.5% cumulative precision.""",-,"BIOGRID
"
1263181,4691,3190,110771,109431,-,RP11-575L7.1,NCL,HNRNPK,C23,CSBP|HNRPK|TUNP,Co-fractionation,physical,Wan C (2015),26344197,9606,9606,High Throughput,0.079220805,-,-,"""Fractionation was combined with mass spectrometry from five diverse animal species to predict co-complex protein interactions conserved across metazoa using an integrative computational scoring procedure along with an SVM approach. The significant data set of 16655 PPI"," was derived from a set of more than 1M interactions by examining a ROC curve of predicted interactions against reference annotated complexes at a 67.5% cumulative precision.""",-,"BIOGRID
"
1263182,4809,3190,110874,109431,CTA-216E10.8,RP11-575L7.1,NHP2L1,HNRNPK,15.5K|FA-1|FA1|NHPX|OTK27|SNRNP15-5|SNU13|SPAG12|SSFA1,CSBP|HNRPK|TUNP,Co-fractionation,physical,Wan C (2015),26344197,9606,9606,High Throughput,0.074638505,-,-,"""Fractionation was combined with mass spectrometry from five diverse animal species to predict co-complex protein interactions conserved across metazoa using an integrative computational scoring procedure along with an SVM approach. The significant data set of 16655 PPI"," was derived from a set of more than 1M interactions by examining a ROC curve of predicted interactions against reference annotated complexes at a 67.5% cumulative precision.""",-,"BIOGRID
"
1263183,5315,3190,111332,109431,-,RP11-575L7.1,PKM,HNRNPK,CTHBP|HEL-S-30|OIP3|PK3|PKM2|TCB|THBP1,CSBP|HNRPK|TUNP,Co-fractionation,physical,Wan C (2015),26344197,9606,9606,High Throughput,0.072103935,-,-,"""Fractionation was combined with mass spectrometry from five diverse animal species to predict co-complex protein interactions conserved across metazoa using an integrative computational scoring procedure along with an SVM approach. The significant data set of 16655 PPI"," was derived from a set of more than 1M interactions by examining a ROC curve of predicted interactions against reference annotated complexes at a 67.5% cumulative precision.""",-,"BIOGRID
"
1263184,5725,3190,111697,109431,-,RP11-575L7.1,PTBP1,HNRNPK,HNRNP-I|HNRNPI|HNRPI|PTB|PTB-1|PTB-T|PTB2|PTB3|PTB4|pPTB,CSBP|HNRPK|TUNP,Co-fractionation,physical,Wan C (2015),26344197,9606,9606,High Throughput,0.255234862,-,-,"""Fractionation was combined with mass spectrometry from five diverse animal species to predict co-complex protein interactions conserved across metazoa using an integrative computational scoring procedure along with an SVM approach. The significant data set of 16655 PPI"," was derived from a set of more than 1M interactions by examining a ROC curve of predicted interactions against reference annotated complexes at a 67.5% cumulative precision.""",-,"BIOGRID
"
1263185,7879,3190,113624,109431,-,RP11-575L7.1,RAB7A,HNRNPK,PRO2706|RAB7,CSBP|HNRPK|TUNP,Co-fractionation,physical,Wan C (2015),26344197,9606,9606,High Throughput,0.182492533,-,-,"""Fractionation was combined with mass spectrometry from five diverse animal species to predict co-complex protein interactions conserved across metazoa using an integrative computational scoring procedure along with an SVM approach. The significant data set of 16655 PPI"," was derived from a set of more than 1M interactions by examining a ROC curve of predicted interactions against reference annotated complexes at a 67.5% cumulative precision.""",-,"BIOGRID
"
1263186,6193,3190,112107,109431,-,RP11-575L7.1,RPS5,HNRNPK,S5,CSBP|HNRPK|TUNP,Co-fractionation,physical,Wan C (2015),26344197,9606,9606,High Throughput,0.075420443,-,-,"""Fractionation was combined with mass spectrometry from five diverse animal species to predict co-complex protein interactions conserved across metazoa using an integrative computational scoring procedure along with an SVM approach. The significant data set of 16655 PPI"," was derived from a set of more than 1M interactions by examining a ROC curve of predicted interactions against reference annotated complexes at a 67.5% cumulative precision.""",-,"BIOGRID
"
1263187,7277,3190,113128,109431,-,RP11-575L7.1,TUBA4A,HNRNPK,H2-ALPHA|TUBA1,CSBP|HNRPK|TUNP,Co-fractionation,physical,Wan C (2015),26344197,9606,9606,High Throughput,0.087426147,-,-,"""Fractionation was combined with mass spectrometry from five diverse animal species to predict co-complex protein interactions conserved across metazoa using an integrative computational scoring procedure along with an SVM approach. The significant data set of 16655 PPI"," was derived from a set of more than 1M interactions by examining a ROC curve of predicted interactions against reference annotated complexes at a 67.5% cumulative precision.""",-,"BIOGRID
"
1263188,7385,3190,113231,109431,-,RP11-575L7.1,UQCRC2,HNRNPK,MC3DN5|QCR2|UQCR2,CSBP|HNRPK|TUNP,Co-fractionation,physical,Wan C (2015),26344197,9606,9606,High Throughput,0.091788833,-,-,"""Fractionation was combined with mass spectrometry from five diverse animal species to predict co-complex protein interactions conserved across metazoa using an integrative computational scoring procedure along with an SVM approach. The significant data set of 16655 PPI"," was derived from a set of more than 1M interactions by examining a ROC curve of predicted interactions against reference annotated complexes at a 67.5% cumulative precision.""",-,"BIOGRID
"
1265827,3190,55666,109431,120798,RP11-575L7.1,-,HNRNPK,NPLOC4,CSBP|HNRPK|TUNP,NPL4,Co-fractionation,physical,Wan C (2015),26344197,9606,9606,High Throughput,0.082840972,-,-,"""Fractionation was combined with mass spectrometry from five diverse animal species to predict co-complex protein interactions conserved across metazoa using an integrative computational scoring procedure along with an SVM approach. The significant data set of 16655 PPI"," was derived from a set of more than 1M interactions by examining a ROC curve of predicted interactions against reference annotated complexes at a 67.5% cumulative precision.""",-,"BIOGRID
"
1266375,3190,2923,109431,109180,RP11-575L7.1,-,HNRNPK,PDIA3,CSBP|HNRPK|TUNP,ER60|ERp57|ERp60|ERp61|GRP57|GRP58|HEL-S-269|HEL-S-93n|HsT17083|P58|PI-PLC,Co-fractionation,physical,Wan C (2015),26344197,9606,9606,High Throughput,0.254520457,-,-,"""Fractionation was combined with mass spectrometry from five diverse animal species to predict co-complex protein interactions conserved across metazoa using an integrative computational scoring procedure along with an SVM approach. The significant data set of 16655 PPI"," was derived from a set of more than 1M interactions by examining a ROC curve of predicted interactions against reference annotated complexes at a 67.5% cumulative precision.""",-,"BIOGRID
"
1271850,3190,4735,109431,110812,RP11-575L7.1,-,HNRNPK,Sep-02,CSBP|HNRPK|TUNP,DIFF6|NEDD-5|NEDD5|Pnutl3|hNedd5,Co-fractionation,physical,Wan C (2015),26344197,9606,9606,High Throughput,0.079260436,-,-,"""Fractionation was combined with mass spectrometry from five diverse animal species to predict co-complex protein interactions conserved across metazoa using an integrative computational scoring procedure along with an SVM approach. The significant data set of 16655 PPI"," was derived from a set of more than 1M interactions by examining a ROC curve of predicted interactions against reference annotated complexes at a 67.5% cumulative precision.""",-,"BIOGRID
"
1274317,3190,7415,109431,113258,RP11-575L7.1,-,HNRNPK,VCP,CSBP|HNRPK|TUNP,ALS14|HEL-220|HEL-S-70|IBMPFD|IBMPFD1|TERA|p97,Co-fractionation,physical,Wan C (2015),26344197,9606,9606,High Throughput,0.088911999,-,-,"""Fractionation was combined with mass spectrometry from five diverse animal species to predict co-complex protein interactions conserved across metazoa using an integrative computational scoring procedure along with an SVM approach. The significant data set of 16655 PPI"," was derived from a set of more than 1M interactions by examining a ROC curve of predicted interactions against reference annotated complexes at a 67.5% cumulative precision.""",-,"BIOGRID
"
1274611,3190,2547,109431,108822,RP11-575L7.1,CTA-216E10.7,HNRNPK,XRCC6,CSBP|HNRPK|TUNP,CTC75|CTCBF|G22P1|KU70|ML8|TLAA,Co-fractionation,physical,Wan C (2015),26344197,9606,9606,High Throughput,0.204687003,-,-,"""Fractionation was combined with mass spectrometry from five diverse animal species to predict co-complex protein interactions conserved across metazoa using an integrative computational scoring procedure along with an SVM approach. The significant data set of 16655 PPI"," was derived from a set of more than 1M interactions by examining a ROC curve of predicted interactions against reference annotated complexes at a 67.5% cumulative precision.""",-,"BIOGRID
"
1275368,4914,3190,110969,109431,-,RP11-575L7.1,NTRK1,HNRNPK,MTC|TRK|TRK1|TRKA|Trk-A|p140-TrkA,CSBP|HNRPK|TUNP,Affinity Capture-MS,physical,Emdal KB (2015),25921289,9606,9606,High Throughput,-,-,-,-,-,"BIOGRID
"
1277309,677770,3190,576459,109431,-,RP11-575L7.1,SCARNA22,HNRNPK,ACA11,CSBP|HNRPK|TUNP,Affinity Capture-RNA,physical,Chu L (2012),22751105,9606,9606,High Throughput,-,-,-,-,-,"BIOGRID
"
1429352,6733,3190,112611,109431,-,RP11-575L7.1,SRPK2,HNRNPK,SFRSK2,CSBP|HNRPK|TUNP,Biochemical Activity,physical,Lipp JJ (2015),26167880,9606,9606,High Throughput,-,Phosphorylation,-,We labeled HeLa extracts with N6-phenethyl-ATP-gammaS in the presence of either recombinant WT or analog-sensitive Srpk2. We then purified thiophosphorylated peptides and identified Srpk2 substrates as well as their phosphorylation sites by MS,-,"BIOGRID
"
1438402,1153,3190,107573,109431,-,RP11-575L7.1,CIRBP,HNRNPK,CIRP,CSBP|HNRPK|TUNP,Two-hybrid,physical,Yu H (2011),21516116,9606,9606,High Throughput,-,-,-,-,-,"BIOGRID
"
1438407,116173,3190,125486,109431,-,RP11-575L7.1,CMTM5,HNRNPK,CKLFSF5,CSBP|HNRPK|TUNP,Two-hybrid,physical,Yu H (2011),21516116,9606,9606,High Throughput,-,-,-,-,-,"BIOGRID
"
1438497,159163,3190,127736,109431,-,RP11-575L7.1,RBMY1F,HNRNPK,YRRM2,CSBP|HNRPK|TUNP,Two-hybrid,physical,Yu H (2011),21516116,9606,9606,High Throughput,-,-,-,-,-,"BIOGRID
"
1438762,27316,3190,118134,109431,RP11-1114A5.1,RP11-575L7.1,RBMX,HNRNPK,HNRNPG|HNRPG|RBMXP1|RBMXRT|RNMX|hnRNP-G,CSBP|HNRPK|TUNP,Two-hybrid,physical,Yu H (2011),21516116,9606,9606,High Throughput,-,-,-,-,-,"BIOGRID
"
1441932,8353,3190,113949,109431,RP1-34B20.8,RP11-575L7.1,HIST1H3E,HNRNPK,H3.1|H3/d|H3FD,CSBP|HNRPK|TUNP,Affinity Capture-MS,physical,Campos EI (2015),26527279,9606,9606,High Throughput,-,-,-,-,-,"BIOGRID
"
1442639,10598,3190,115846,109431,HSPC322,RP11-575L7.1,AHSA1,HNRNPK,AHA1|C14orf3|p38,CSBP|HNRPK|TUNP,Affinity Capture-MS,physical,Wolfgeher D (2015),26693507,9606,9606,High Throughput,-,-,-,-,-,"BIOGRID
"
1444900,3178,3190,109420,109431,-,RP11-575L7.1,HNRNPA1,HNRNPK,ALS19|ALS20|HNRPA1|HNRPA1L3|IBMPFD3|hnRNP A1|hnRNP-A1,CSBP|HNRPK|TUNP,Affinity Capture-MS,physical,Hein MY (2015),26496610,9606,9606,High Throughput,-,-,-,interaction detected by quantitative BAC-GFP interactomics (QUBIC),-,"BIOGRID
"
1444901,3184,3190,109425,109431,-,RP11-575L7.1,HNRNPD,HNRNPK,AUF1|AUF1A|HNRPD|P37|hnRNPD0,CSBP|HNRPK|TUNP,Affinity Capture-MS,physical,Hein MY (2015),26496610,9606,9606,High Throughput,-,-,-,interaction detected by quantitative BAC-GFP interactomics (QUBIC),-,"BIOGRID
"
1444902,3188,3190,109429,109431,-,RP11-575L7.1,HNRNPH2,HNRNPK,FTP3|HNRPH|HNRPH2|hnRNPH,CSBP|HNRPK|TUNP,Affinity Capture-MS,physical,Hein MY (2015),26496610,9606,9606,High Throughput,-,-,-,interaction detected by quantitative BAC-GFP interactomics (QUBIC),-,"BIOGRID
"
1444903,9782,3190,115126,109431,-,RP11-575L7.1,MATR3,HNRNPK,ALS21|MPD2|VCPDM,CSBP|HNRPK|TUNP,Affinity Capture-MS,physical,Hein MY (2015),26496610,9606,9606,High Throughput,-,-,-,interaction detected by quantitative BAC-GFP interactomics (QUBIC),-,"BIOGRID
"
1444904,9919,3190,115247,109431,RP11-413M3.10,RP11-575L7.1,SEC16A,HNRNPK,KIAA0310|SEC16L|p250,CSBP|HNRPK|TUNP,Affinity Capture-MS,physical,Hein MY (2015),26496610,9606,9606,High Throughput,-,-,-,interaction detected by quantitative BAC-GFP interactomics (QUBIC),-,"BIOGRID
"
1460145,70439,3190,214052,109431,RP23-249K18.5,RP11-575L7.1,Taf15,HNRNPK,2610111C21Rik|68kDa|TAFII68|Taf2n,CSBP|HNRPK|TUNP,Affinity Capture-MS,physical,Hein MY (2015),26496610,10090,9606,High Throughput,-,-,-,interaction detected by quantitative BAC-GFP interactomics (QUBIC),-,"BIOGRID
"
1460146,233908,3190,231475,109431,-,RP11-575L7.1,Fus,HNRNPK,D430004D17Rik|D930039C12Rik|Fus1|Tls,CSBP|HNRPK|TUNP,Affinity Capture-MS,physical,Hein MY (2015),26496610,10090,9606,High Throughput,-,-,-,interaction detected by quantitative BAC-GFP interactomics (QUBIC),-,"BIOGRID
"
1508759,1407,3190,107797,109431,-,RP11-575L7.1,CRY1,HNRNPK,PHLL1,CSBP|HNRPK|TUNP,Affinity Capture-MS,physical,Papp SJ (2015),25756610,9606,9606,High Throughput,-,-,-,-,-,"BIOGRID
"
1508868,1408,3190,107798,109431,-,RP11-575L7.1,CRY2,HNRNPK,HCRY2|PHLL2,CSBP|HNRPK|TUNP,Affinity Capture-MS,physical,Papp SJ (2015),25756610,9606,9606,High Throughput,-,-,-,-,-,"BIOGRID
"
1511061,4171,3190,110339,109431,-,RP11-575L7.1,MCM2,HNRNPK,BM28|CCNL1|CDCL1|D3S3194|MITOTIN|cdc19,CSBP|HNRPK|TUNP,Affinity Capture-MS,physical,Drissi R (2015),25963833,9606,9606,High Throughput,-,-,-,-,-,"BIOGRID
"
