146a-5',u,g,a,g,a,a,c,u,g,a,a,u,u,c,c,a,u,g,g,g,u,u,
148-3',u,c,a,g,u,g,c,a,c,u,a,c,a,g,a,a,c,u,u,u,g,u,
574- 3',c,a,c,g,c,u,c,a,u,g,c,a,c,a,c,a,c,c,c,a,c,a,
363-3',a,a,u,u,g,c,a,c,g,g,u,a,u,c,c,a,u,c,u,g,u,a,
19a-3',u,g,u,g,c,a,a,a,u,c,u,a,u,g,c,a,a,a,a,c,u,g,a
20b-5',c,a,a,a,g,u,g,c,u,c,a,u,a,g,u,g,c,a,g,g,u,a,g
30a-5',u,g,u,a,a,a,c,a,u,c,c,u,c,g,a,c,u,g,g,a,a,g,
10b-5',u,a,c,c,c,u,g,u,a,g,a,a,c,c,g,a,a,u,u,u,g,u,
200a-3',u,a,a,c,a,c,u,g,u,c,u,g,g,u,a,a,c,g,a,u,g,u,
98-5p,u,g,a,g,g,u,a,g,u,a,a,g,u,u,g,u,a,u,u,g,u,u,
32-5p,u,a,u,u,g,c,a,c,a,u,u,a,c,u,a,a,g,u,u,g,c,a,
>hsa-miR-363-3p,a,a,u,u,g,c,a,c,g,g,u,a,u,c,c,a,u,c,u,g,u,a,
>hsa-miR-146a-5p,u,g,a,g,a,a,c,u,g,a,a,u,u,c,c,a,u,g,g,g,u,u,
>hsa-miR-125b-2-3p,u,c,a,c,a,a,g,u,c,a,g,g,c,u,c,u,u,g,g,g,a,c,
>hsa-miR-450b-5p,u,u,u,u,g,c,a,a,u,a,u,g,u,u,c,c,u,g,a,a,u,a,
>hsa-miR-542-3p,u,g,u,g,a,c,a,g,a,u,u,g,a,u,a,a,c,u,g,a,a,a,
>hsa-miR-148a-5p,a,a,a,g,u,u,c,u,g,a,g,a,c,a,c,u,c,c,g,a,c,u,
>hsa-miR-17-5p,c,a,a,a,g,u,g,c,u,u,a,c,a,g,u,g,c,a,g,g,u,a,g
>hsa-miR-502-3p,a,a,u,g,c,a,c,c,u,g,g,g,c,a,a,g,g,a,u,u,c,a,
>hsa-miR-374a-3p,c,u,u,a,u,c,a,g,a,u,u,g,u,a,u,u,g,u,a,a,u,u,
>hsa-miR-500a-3p,a,u,g,c,a,c,c,u,g,g,g,c,a,a,g,g,a,u,u,c,u,g,
>hsa-miR-99b-3p,c,a,a,g,c,u,c,g,u,g,u,c,u,g,u,g,g,g,u,c,c,g,
>hsa-miR-125a-5p,u,c,c,c,u,g,a,c,c,c,u,u,u,a,a,c,c,u,g,u,g,a,
>hsa-miR-340-5p,u,u,a,u,a,a,a,g,c,a,a,u,g,a,g,a,c,u,g,a,u,u,
>hsa-miR-532-5p,c,a,u,g,c,c,u,u,g,a,g,u,g,u,a,g,g,a,c,c,g,u,
