V1,,,,,,,,,,,,,,,,,,,,,,,,,,,,,,,,,,,,
0,,,,,,,,,,,,,,,,,,,,,,,,,,,,,,,,,,,,
"P31946 c(""GO:0050815"""," ""GO:0051220"""," ""GO:0035308"""," ""GO:1900740"""," ""GO:0051219"""," ""GO:0097193"""," ""GO:0035329"""," ""GO:0019899"""," ""GO:0042470"""," ""GO:0048011"""," ""GO:0048010"""," ""GO:0043488"""," ""GO:0008286"""," ""GO:0007173"""," ""GO:0000186"""," ""GO:0061024"""," ""GO:0016032"""," ""GO:0010467"""," ""GO:0012501"""," ""GO:0070062"""," ""GO:0045087"""," ""GO:0038095"""," ""GO:0005515"""," ""GO:0007265"""," ""GO:0000165"""," ""GO:0006367"""," ""GO:0008543"""," ""GO:0019904"""," ""GO:0005925"""," ""GO:0030659"""," ""GO:0042826"""," ""GO:0048471"""," ""GO:0005829"""," ""GO:0006915"""," ""GO:0007264"""," ""GO:0016020""", 
GO:0007411," ""GO:0043085"""," ""GO:0005737"""," ""GO:0006605"""," ""GO:0005634"""," ""GO:0008022"""," ""GO:0045892"""," ""GO:0051291"""," ""GO:0043234"""," ""GO:0032403"""," ""GO:0003714"""," ""GO:0017053"")",,,,,,,,,,,,,,,,,,,,,,,,,
"P62258 c(""GO:1902309"""," ""GO:0003064"""," ""GO:0050815"""," ""GO:0086013"""," ""GO:0023026"""," ""GO:0043281"""," ""GO:0086091"""," ""GO:1900740"""," ""GO:1900034"""," ""GO:0051219"""," ""GO:0060306"""," ""GO:0097193"""," ""GO:1901016"""," ""GO:0034605"""," ""GO:0021762"""," ""GO:0035329"""," ""GO:0019899"""," ""GO:0000086"""," ""GO:0042470"""," ""GO:0044325"""," ""GO:0015459"""," ""GO:0048011"""," ""GO:0000278"""," ""GO:0061024"""," ""GO:0016032"""," ""GO:0010467"""," ""GO:0012501"""," ""GO:0097190"""," ""GO:0070062"""," ""GO:0006996"""," ""GO:0044822"""," ""GO:0005515"""," ""GO:0006367"""," ""GO:0019904"""," ""GO:0005925"""," ""GO:0030659""", 
GO:0042826," ""GO:0005829"""," ""GO:0031625"""," ""GO:0006915"""," ""GO:0046982"""," ""GO:0035556"""," ""GO:0007264"""," ""GO:0016020"""," ""GO:0005739"""," ""GO:0021766"""," ""GO:0021987"""," ""GO:0006605"""," ""GO:0001764"""," ""GO:0035308"""," ""GO:0005871"""," ""GO:0032403"""," ""GO:0030424"")",,,,,,,,,,,,,,,,,,,,
"P61981 c(""GO:0008426"""," ""GO:0005080"""," ""GO:1900740"""," ""GO:0048167"""," ""GO:0006469"""," ""GO:0097193"""," ""GO:0045664"""," ""GO:0005159"""," ""GO:0000086"""," ""GO:0000278"""," ""GO:0061024"""," ""GO:0010467"""," ""GO:0012501"""," ""GO:0070062"""," ""GO:0006996"""," ""GO:0071901"""," ""GO:0044822"""," ""GO:0005515"""," ""GO:0006367"""," ""GO:0019904"""," ""GO:0005925"""," ""GO:0030659"""," ""GO:0009966"""," ""GO:0005829"""," ""GO:0006915"""," ""GO:0007264"""," ""GO:0016020"""," ""GO:0006605"""," ""GO:0043209"""," ""GO:0032869"""," ""GO:0030971"""," ""GO:0031988"")",,,,,
"P27348 c(""GO:1900740"""," ""GO:0097193"""," ""GO:0047485"""," ""GO:0021762"""," ""GO:0043234"""," ""GO:0061024"""," ""GO:0010467"""," ""GO:0012501"""," ""GO:0070062"""," ""GO:0005515"""," ""GO:0006367"""," ""GO:0019904"""," ""GO:0005925"""," ""GO:0030659"""," ""GO:0005829"""," ""GO:0045892"""," ""GO:0006915"""," ""GO:0007264"""," ""GO:0016020"""," ""GO:0005737"""," ""GO:0006605"""," ""GO:0008022"""," ""GO:0044325"""," ""GO:0071889"""," ""GO:0034766"")",,,,,,,,,,,,
"P23396 c(""GO:2001272"""," ""GO:1902546"""," ""GO:1902231"""," ""GO:0070181"""," ""GO:0061481"""," ""GO:0045738"""," ""GO:0044390"""," ""GO:0032358"""," ""GO:0032079"""," ""GO:0031116"""," ""GO:0070301"""," ""GO:2001235"""," ""GO:0005844"""," ""GO:0042769"""," ""GO:0097100"""," ""GO:0072686"""," ""GO:1901224"""," ""GO:0051018"""," ""GO:0032587"""," ""GO:0032357"""," ""GO:0019083"""," ""GO:0051059"""," ""GO:0004520"""," ""GO:0031397"""," ""GO:0030544"""," ""GO:0043507"""," ""GO:0051879"""," ""GO:0032183"""," ""GO:0045739"""," ""GO:0007059"""," ""GO:0008534"""," ""GO:0019900"""," ""GO:0003684"""," ""GO:0019899"""," ""GO:0019058"""," ""GO:0016032""", 
GO:0010467," ""GO:0051301"""," ""GO:0044267"""," ""GO:0010628"""," ""GO:0070062"""," ""GO:0006413"""," ""GO:0003906"""," ""GO:0019901"""," ""GO:0022627"""," ""GO:0044822"""," ""GO:0005515"""," ""GO:0017148"""," ""GO:0005759"""," ""GO:0003729"""," ""GO:0051225"""," ""GO:0000184"""," ""GO:0015631"""," ""GO:0005925"""," ""GO:0006415"""," ""GO:0007067"""," ""GO:0006614"""," ""GO:0006281"""," ""GO:0071159"""," ""GO:0051092"""," ""GO:0006974"""," ""GO:0005829"""," ""GO:0005743"""," ""GO:0030529"""," ""GO:0008134"""," ""GO:0051536"""," ""GO:0042981"""," ""GO:0006979"""," ""GO:0008017"""," ""GO:0016020"""," ""GO:0005886"""," ""GO:0005840""", 
GO:0006351," ""GO:0006414"""," ""GO:0005730"""," ""GO:0015935"""," ""GO:0006412"""," ""GO:0003735"""," ""GO:0003723"""," ""GO:0003677"""," ""GO:0005737"""," ""GO:0005634"")",,,,,,,,,,,,,,,,,,,,,,,,,,,
"P08195 c(""GO:0060356"""," ""GO:0015827"""," ""GO:0015175"""," ""GO:0006865"""," ""GO:0016324"""," ""GO:0050900"""," ""GO:0005432"""," ""GO:0043330"""," ""GO:0007596"""," ""GO:0042470"""," ""GO:0009986"""," ""GO:0070062"""," ""GO:0044822"""," ""GO:0006816"""," ""GO:0005515"""," ""GO:0006811"""," ""GO:0003725"""," ""GO:0043169"""," ""GO:0016049"""," ""GO:0035725"""," ""GO:0003824"""," ""GO:0005975"""," ""GO:0016020"""," ""GO:0055085"""," ""GO:0005886"""," ""GO:0016021"""," ""GO:0005737"""," ""GO:0005634"")",,,,,,,,,
"P62906 c(""GO:0019083"""," ""GO:0022625"""," ""GO:0019058"""," ""GO:0016032"""," ""GO:0010467"""," ""GO:0044267"""," ""GO:0070062"""," ""GO:0006413"""," ""GO:0044822"""," ""GO:0005515"""," ""GO:0000184"""," ""GO:0005925"""," ""GO:0006415"""," ""GO:0006614"""," ""GO:0015934"""," ""GO:0005829"""," ""GO:0016020"""," ""GO:0006414"""," ""GO:0005730"""," ""GO:0006412"""," ""GO:0003735"""," ""GO:0003723"""," ""GO:0005737"""," ""GO:0005634"")",,,,,,,,,,,,,
"P49207 c(""GO:0019083"""," ""GO:0022625"""," ""GO:0019058"""," ""GO:0016032"""," ""GO:0042254"""," ""GO:0010467"""," ""GO:0044267"""," ""GO:0070062"""," ""GO:0006413"""," ""GO:0000184"""," ""GO:0006415"""," ""GO:0006614"""," ""GO:0005829"""," ""GO:0005622"""," ""GO:0005840"""," ""GO:0006414"""," ""GO:0005730"""," ""GO:0006412"""," ""GO:0003735"""," ""GO:0003723"""," ""GO:0005737"""," ""GO:0005739"")",,,,,,,,,,,,,,,
"Q92688 c(""GO:0046827"""," ""GO:0070063"""," ""GO:0070062"""," ""GO:0005515"""," ""GO:0006334"""," ""GO:0045596"""," ""GO:0042393"""," ""GO:0006919"""," ""GO:0005730"""," ""GO:0005737"""," ""GO:0005634"""," ""GO:0048839"""," ""GO:0060021"""," ""GO:0021591"""," ""GO:0001944"")",,,,,,,,,,,,,,,,,,,,,,
"P13798 c(""GO:0050435"""," ""GO:0010467"""," ""GO:0044267"""," ""GO:0070062"""," ""GO:0044822"""," ""GO:0005515"""," ""GO:0008236"""," ""GO:0006415"""," ""GO:0008242"""," ""GO:0005829"""," ""GO:0004252"""," ""GO:0006508"""," ""GO:0031965"""," ""GO:0006412"""," ""GO:0005737"")",,,,,,,,,,,,,,,,,,,,,,
"P30520 c(""GO:0006167"""," ""GO:0046040"""," ""GO:0042301"""," ""GO:0002376"""," ""GO:0055086"""," ""GO:0004019"""," ""GO:0009168"""," ""GO:0006164"""," ""GO:0006144"""," ""GO:0044281"""," ""GO:0070062"""," ""GO:0005515"""," ""GO:0044208"""," ""GO:0005829"""," ""GO:0000287"""," ""GO:0005886"""," ""GO:0005525"""," ""GO:0005737"""," ""GO:0071257"""," ""GO:0014074"""," ""GO:0006531"""," ""GO:0060359"")",,,,,,,,,,,,,,,
"P84077 c(""GO:0097061"""," ""GO:0060292"""," ""GO:0002090"""," ""GO:0006878"""," ""GO:0050690"""," ""GO:0048205"""," ""GO:0006661"""," ""GO:0006892"""," ""GO:0019886"""," ""GO:0043005"""," ""GO:0034315"""," ""GO:0005057"""," ""GO:0014069"""," ""GO:0061024"""," ""GO:0016032"""," ""GO:0044281"""," ""GO:0070062"""," ""GO:0031252"""," ""GO:0044822"""," ""GO:0005515"""," ""GO:0005925"""," ""GO:0006890"""," ""GO:0006644"""," ""GO:0045211"""," ""GO:0048471"""," ""GO:0005829"""," ""GO:0000139"""," ""GO:0003924"""," ""GO:0015031"""," ""GO:0007264"""," ""GO:0005622"""," ""GO:0005886"""," ""GO:0005525"""," ""GO:0005794"""," ""GO:0016192"""," ""GO:0030017""", 
GO:0012505," ""GO:0000287"""," ""GO:0005778"""," ""GO:0045807"""," ""GO:0050714"""," ""GO:0007015"""," ""GO:0005770"""," ""GO:0005802"""," ""GO:0043085"""," ""GO:0034379"""," ""GO:0060999"""," ""GO:0019003"""," ""GO:0045956"""," ""GO:1902307"""," ""GO:0055108"""," ""GO:0070142"""," ""GO:0097212"""," ""GO:1902824"""," ""GO:1902953"""," ""GO:1903725"""," ""GO:1990583"""," ""GO:0030137"")",,,,,,,,,,,,,,,
"O00468 c(""GO:0045887"""," ""GO:0043202"""," ""GO:0035374"""," ""GO:0033691"""," ""GO:0030204"""," ""GO:0007603"""," ""GO:0006027"""," ""GO:0005605"""," ""GO:0001523"""," ""GO:0005796"""," ""GO:0030203"""," ""GO:0051491"""," ""GO:0030198"""," ""GO:0044281"""," ""GO:0070062"""," ""GO:0006024"""," ""GO:0005515"""," ""GO:0050808"""," ""GO:0045202"""," ""GO:0045162"""," ""GO:0043236"""," ""GO:0043113"""," ""GO:0007213"""," ""GO:0030054"""," ""GO:0045944"""," ""GO:0031012"""," ""GO:0043395"""," ""GO:0005975"""," ""GO:0043547"""," ""GO:0007165"""," ""GO:0005200"""," ""GO:0002162"""," ""GO:0005886"""," ""GO:0005576"""," ""GO:0007411"""," ""GO:0016021""", 
GO:0005737," ""GO:0005509"")",,,,,,,,,,,,,,,,,,,,,,,,,,,,,,,,,,,
"P06733 c(""GO:0051020"""," ""GO:0061621"""," ""GO:0031430"""," ""GO:0006006"""," ""GO:0030308"""," ""GO:0044281"""," ""GO:0070062"""," ""GO:0044822"""," ""GO:0005515"""," ""GO:0006094"""," ""GO:0004634"""," ""GO:0000015"""," ""GO:0006096"""," ""GO:0005829"""," ""GO:0045892"""," ""GO:0000122"""," ""GO:0003714"""," ""GO:0005975"""," ""GO:0009615"""," ""GO:0016020"""," ""GO:0000287"""," ""GO:0003700"""," ""GO:0005886"""," ""GO:0006351"""," ""GO:0003677"""," ""GO:0005615"""," ""GO:0005737"""," ""GO:0005634"""," ""GO:0003723"""," ""GO:0046982"""," ""GO:0001701"""," ""GO:0043209"""," ""GO:0019897"""," ""GO:0051099"")",,,
"P50995 c(""GO:0023026"""," ""GO:0045335"""," ""GO:0051592"""," ""GO:0044548"""," ""GO:0005635"""," ""GO:0042582"""," ""GO:0042581"""," ""GO:0042470"""," ""GO:0005819"""," ""GO:0048306"""," ""GO:0051301"""," ""GO:0070062"""," ""GO:0044822"""," ""GO:0005515"""," ""GO:0030496"""," ""GO:0006909"""," ""GO:0007049"""," ""GO:0005544"""," ""GO:0016020"""," ""GO:0005654"""," ""GO:0005737"""," ""GO:0005509"""," ""GO:0008429"")",,,,,,,,,,,,,,
"P12429 c(""GO:0010595"""," ""GO:0051091"""," ""GO:0043312"""," ""GO:0042581"""," ""GO:0045766"""," ""GO:0048306"""," ""GO:0030670"""," ""GO:0070062"""," ""GO:0042742"""," ""GO:0043086"""," ""GO:0006909"""," ""GO:0005544"""," ""GO:0016020"""," ""GO:0005886"""," ""GO:0005737"""," ""GO:0005509"""," ""GO:0051384"""," ""GO:0030425"""," ""GO:0030424"""," ""GO:0043025"""," ""GO:0021766"""," ""GO:0031100"""," ""GO:0070848"""," ""GO:0019834"""," ""GO:0051054"")",,,,,,,,,,,,
"P08758 c(""GO:0002230"""," ""GO:0098779"""," ""GO:0098792"""," ""GO:0007596"""," ""GO:0004859"""," ""GO:0070062"""," ""GO:0005515"""," ""GO:0005925"""," ""GO:0043086"""," ""GO:0005543"""," ""GO:0043066"""," ""GO:0007165"""," ""GO:0005544"""," ""GO:0005622"""," ""GO:0016020"""," ""GO:0005737"""," ""GO:0005509"""," ""GO:0009897"""," ""GO:0010033"""," ""GO:0072563"""," ""GO:0005634"""," ""GO:0005829"""," ""GO:0005615"""," ""GO:0005886"""," ""GO:0051260"""," ""GO:0030425"""," ""GO:0070588"""," ""GO:0005783"""," ""GO:0051592"""," ""GO:0097066"""," ""GO:0043065"""," ""GO:0008021"""," ""GO:0042995"""," ""GO:0043025"""," ""GO:0043679"""," ""GO:0030018""", 
GO:0005388," ""GO:0042383"""," ""GO:0030971"""," ""GO:0043204"""," ""GO:0017046"""," ""GO:0030195"""," ""GO:0014704"""," ""GO:0071284"""," ""GO:0097211"""," ""GO:1901317"""," ""GO:1902721"")",,,,,,,,,,,,,,,,,,,,,,,,,,
"P00505 c(""GO:0097052"""," ""GO:0080130"""," ""GO:0016212"""," ""GO:0006536"""," ""GO:0006533"""," ""GO:0006531"""," ""GO:0004069"""," ""GO:0045471"""," ""GO:0006103"""," ""GO:0019470"""," ""GO:0008652"""," ""GO:0015908"""," ""GO:0006006"""," ""GO:0034641"""," ""GO:0044281"""," ""GO:0070062"""," ""GO:0042802"""," ""GO:0044822"""," ""GO:0005759"""," ""GO:0006094"""," ""GO:0030170"""," ""GO:0003824"""," ""GO:0005975"""," ""GO:0009058"""," ""GO:0005886"""," ""GO:0005739"""," ""GO:0005743"""," ""GO:0043209"""," ""GO:0006107"""," ""GO:0006532"""," ""GO:0019550"""," ""GO:0019551"""," ""GO:0042803"""," ""GO:0043234"""," ""GO:0009986"""," ""GO:0005543""", 
GO:0019899," ""GO:0016597"""," ""GO:0006520"""," ""GO:0031406"""," ""GO:0043204"""," ""GO:0043648"")",,,,,,,,,,,,,,,,,,,,,,,,,,,,,,,
"P53396 c(""GO:0009346"""," ""GO:0003878"""," ""GO:0006101"""," ""GO:0006085"""," ""GO:0048037"""," ""GO:0031325"""," ""GO:0006112"""," ""GO:0046912"""," ""GO:0015936"""," ""GO:0008610"""," ""GO:0044281"""," ""GO:0044255"""," ""GO:0035338"""," ""GO:0070062"""," ""GO:0005515"""," ""GO:0019432"""," ""GO:0005829"""," ""GO:0003824"""," ""GO:0016020"""," ""GO:0005886"""," ""GO:0008152"""," ""GO:0046872"""," ""GO:0005654"""," ""GO:0005737"""," ""GO:0005524"""," ""GO:0006629"""," ""GO:0006084"""," ""GO:0006633"")",,,,,,,,,
"Q08211 c(""GO:0070937"""," ""GO:0070934"""," ""GO:0001649"""," ""GO:0036464"""," ""GO:0001085"""," ""GO:0032481"""," ""GO:0003724"""," ""GO:0004004"""," ""GO:0010467"""," ""GO:0045087"""," ""GO:0032508"""," ""GO:0004003"""," ""GO:0044822"""," ""GO:0005515"""," ""GO:0008380"""," ""GO:0000398"""," ""GO:0006396"""," ""GO:0005829"""," ""GO:0030529"""," ""GO:0008026"""," ""GO:0004386"""," ""GO:0016020"""," ""GO:0005813"""," ""GO:0005730"""," ""GO:0005654"""," ""GO:0003676"""," ""GO:0003677"""," ""GO:0005737"""," ""GO:0005634"""," ""GO:0005524"")",,,,,,,
"P15291 c(""GO:0035250"""," ""GO:0030112"""," ""GO:0009312"""," ""GO:0003945"""," ""GO:0003831"""," ""GO:0042339"""," ""GO:0018146"""," ""GO:0043687"""," ""GO:0000138"""," ""GO:0005989"""," ""GO:0004461"""," ""GO:0030203"""," ""GO:0048487"""," ""GO:0031526"""," ""GO:0007339"""," ""GO:0006487"""," ""GO:0032504"""," ""GO:0030145"""," ""GO:0007338"""," ""GO:0032580"""," ""GO:0042803"""," ""GO:0044281"""," ""GO:0044267"""," ""GO:0070062"""," ""GO:0030175"""," ""GO:0009897"""," ""GO:0018279"""," ""GO:0043014"""," ""GO:0007219"""," ""GO:0016323"""," ""GO:0030057"""," ""GO:0008378"""," ""GO:0000139"""," ""GO:0005794"""," ""GO:0005975"""," ""GO:0016020""", 
GO:0005886," ""GO:0016021"""," ""GO:0005615"""," ""GO:0006486"""," ""GO:0009986"""," ""GO:0005515"""," ""GO:0008092"""," ""GO:0008285"""," ""GO:0007155"""," ""GO:0042127"""," ""GO:0050900"""," ""GO:0006012"""," ""GO:0030198"""," ""GO:0043065"""," ""GO:0002064"""," ""GO:0042060"""," ""GO:0009101"""," ""GO:0060046"""," ""GO:0048754"""," ""GO:0030879"""," ""GO:0060055"""," ""GO:0007341"""," ""GO:0002526"""," ""GO:0045136"""," ""GO:0051270"""," ""GO:0060054"""," ""GO:0060058"""," ""GO:0019901"""," ""GO:0009611"")",,,,,,,,
"P07711 c(""GO:0097655"""," ""GO:0097067"""," ""GO:0071888"""," ""GO:0036021"""," ""GO:0043394"""," ""GO:0043202"""," ""GO:0019886"""," ""GO:0002224"""," ""GO:0005518"""," ""GO:0030574"""," ""GO:0030198"""," ""GO:0002250"""," ""GO:0022617"""," ""GO:0001968"""," ""GO:0070062"""," ""GO:0045087"""," ""GO:0019882"""," ""GO:0005515"""," ""GO:0008234"""," ""GO:0051603"""," ""GO:0004197"""," ""GO:0042393"""," ""GO:0006508"""," ""GO:0005576"""," ""GO:0005764"""," ""GO:0005615"""," ""GO:0005634"")",,,,,,,,,,
"O00299 c(""GO:0005635"""," ""GO:0070527"""," ""GO:0031982"""," ""GO:0005903"""," ""GO:0070062"""," ""GO:0072562"""," ""GO:0034707"""," ""GO:0005254"""," ""GO:0005244"""," ""GO:0005515"""," ""GO:1902476"""," ""GO:0048471"""," ""GO:0034765"""," ""GO:0006821"""," ""GO:0051726"""," ""GO:0007165"""," ""GO:0016020"""," ""GO:0005886"""," ""GO:0031965"""," ""GO:0005615"""," ""GO:0005737"""," ""GO:0005634"""," ""GO:0005739"""," ""GO:0051881"""," ""GO:0045669"")",,,,,,,,,,,,
"Q14019 c(""GO:0019899"""," ""GO:0070062"""," ""GO:0008150"""," ""GO:0005515"""," ""GO:0005856"""," ""GO:0005622"""," ""GO:0003779"""," ""GO:0031965"""," ""GO:0005737"""," ""GO:0050832"")",,,,,,,,,,,,,,,,,,,,,,,,,,,
"P23528 c(""GO:0044794"""," ""GO:0031258"""," ""GO:0032587"""," ""GO:0002576"""," ""GO:0016363"""," ""GO:0031982"""," ""GO:0030042"""," ""GO:0007596"""," ""GO:0022604"""," ""GO:0070062"""," ""GO:0045087"""," ""GO:0038096"""," ""GO:0005515"""," ""GO:0030036"""," ""GO:0007266"""," ""GO:0005925"""," ""GO:0007010"""," ""GO:0030168"""," ""GO:0043066"""," ""GO:0061001"""," ""GO:0048013"""," ""GO:0009615"""," ""GO:0005622"""," ""GO:0016020"""," ""GO:0003779"""," ""GO:0007411"""," ""GO:0005615"""," ""GO:0005737"""," ""GO:0005634"")",,,,,,,,
"Q86VP6 c(""GO:0005488"""," ""GO:0010265"""," ""GO:0070062"""," ""GO:0005515"""," ""GO:0000151"""," ""GO:0043086"""," ""GO:0030154"""," ""GO:0005794"""," ""GO:0031461"""," ""GO:0016567"""," ""GO:0016020"""," ""GO:0005654"""," ""GO:0005737"""," ""GO:0005634"""," ""GO:0017025"""," ""GO:0045893"""," ""GO:0045899"")",,,,,,,,,,,,,,,,,,,,
"P04080 c(""GO:0045861"""," ""GO:0002020"""," ""GO:0070062"""," ""GO:0004866"""," ""GO:0044822"""," ""GO:0010466"""," ""GO:0010951"""," ""GO:0004869"""," ""GO:0005730"""," ""GO:0005615"""," ""GO:0005737"""," ""GO:0008344"""," ""GO:0005515"")",,,,,,,,,,,,,,,,,,,,,,,,
"P14625 c(""GO:0031247"""," ""GO:0034975"""," ""GO:0046790"""," ""GO:0071682"""," ""GO:0071318"""," ""GO:0050750"""," ""GO:0036500"""," ""GO:0051208"""," ""GO:0034976"""," ""GO:0019903"""," ""GO:0002224"""," ""GO:0005788"""," ""GO:0043666"""," ""GO:0042470"""," ""GO:0001666"""," ""GO:0006950"""," ""GO:0044267"""," ""GO:0070062"""," ""GO:0045087"""," ""GO:0030970"""," ""GO:0005515"""," ""GO:0005925"""," ""GO:0005783"""," ""GO:0005789"""," ""GO:0048471"""," ""GO:0030496"""," ""GO:0005829"""," ""GO:0030433"""," ""GO:0030968"""," ""GO:0006898"""," ""GO:0043066"""," ""GO:0031012"""," ""GO:0051082"""," ""GO:0006457"""," ""GO:0015031"""," ""GO:0016020""", 
GO:0005576," ""GO:0003723"""," ""GO:0005634"""," ""GO:0005524"""," ""GO:0005509"""," ""GO:0005886"""," ""GO:0034663"")",,,,,,,,,,,,,,,,,,,,,,,,,,,,,,
"Q01469 c(""GO:0005504"""," ""GO:0019433"""," ""GO:0044281"""," ""GO:0070062"""," ""GO:0005515"""," ""GO:0008289"""," ""GO:0008544"""," ""GO:0005829"""," ""GO:0006810"""," ""GO:0005215"""," ""GO:0005654"""," ""GO:0006629"""," ""GO:0005737"""," ""GO:0006006"""," ""GO:0015758"""," ""GO:0006656"""," ""GO:0009611"")",,,,,,,,,,,,,,,,,,,,
"Q6BAA4 c(""GO:0005515"""," ""GO:0005783"""," ""GO:0005737"""," ""GO:0050777"")",,,,,,,,,,,,,,,,,,,,,,,,,,,,,,,,,
"P02751 c(""GO:2001202"""," ""GO:1904237"""," ""GO:0035987"""," ""GO:0001932"""," ""GO:0005793"""," ""GO:0048146"""," ""GO:0033622"""," ""GO:0070372"""," ""GO:0005178"""," ""GO:0031093"""," ""GO:0002576"""," ""GO:0009611"""," ""GO:0002020"""," ""GO:0005518"""," ""GO:0050900"""," ""GO:0007596"""," ""GO:0030198"""," ""GO:0022617"""," ""GO:0010628"""," ""GO:0070062"""," ""GO:0072562"""," ""GO:0005515"""," ""GO:0008201"""," ""GO:0006953"""," ""GO:0018149"""," ""GO:0008284"""," ""GO:0030168"""," ""GO:0005577"""," ""GO:0008360"""," ""GO:0031012"""," ""GO:0034446"""," ""GO:0007155"""," ""GO:0005576"""," ""GO:0001525"""," ""GO:0005615"""," ""GO:0007044""", 
GO:0005578," ""GO:0007160"""," ""GO:0010952"""," ""GO:0016504"""," ""GO:0005604"""," ""GO:0016324"""," ""GO:0005605"""," ""GO:0042060"""," ""GO:0045773"""," ""GO:0007161"""," ""GO:0071333"""," ""GO:0030335"""," ""GO:0001775"""," ""GO:0002931"""," ""GO:0008347"""," ""GO:0010193"""," ""GO:0035924"""," ""GO:0036120"""," ""GO:0043066"""," ""GO:0045340"""," ""GO:0050921"""," ""GO:0051384"""," ""GO:0071222"""," ""GO:0071288"""," ""GO:0071347"""," ""GO:0071380"""," ""GO:0071560"""," ""GO:0071773"")",,,,,,,,,
"O75369 c(""GO:0030018"""," ""GO:0005938"""," ""GO:0070062"""," ""GO:0042802"""," ""GO:0044822"""," ""GO:0005515"""," ""GO:0007016"""," ""GO:0005925"""," ""GO:0015629"""," ""GO:0005829"""," ""GO:0019221"""," ""GO:0007165"""," ""GO:0003779"""," ""GO:0005886"""," ""GO:0016021"""," ""GO:0005737"""," ""GO:0030036"""," ""GO:0003382"""," ""GO:0003334"""," ""GO:0001725"""," ""GO:0005903"""," ""GO:0007519"")",,,,,,,,,,,,,,,
"P19883 c(""GO:0051798"""," ""GO:0032926"""," ""GO:0002244"""," ""GO:0048185"""," ""GO:0005515"""," ""GO:0000122"""," ""GO:0007165"""," ""GO:0005576"""," ""GO:0004871"""," ""GO:0043395"")",,,,,,,,,,,,,,,,,,,,,,,,,,,
"P04075 c(""GO:0070061"""," ""GO:0030388"""," ""GO:0006754"""," ""GO:0006941"""," ""GO:0046716"""," ""GO:0061621"""," ""GO:0031093"""," ""GO:0002576"""," ""GO:0051289"""," ""GO:0006000"""," ""GO:0031674"""," ""GO:0031430"""," ""GO:0007596"""," ""GO:0006006"""," ""GO:0044281"""," ""GO:0070062"""," ""GO:0042802"""," ""GO:0008092"""," ""GO:0044822"""," ""GO:0005515"""," ""GO:0006094"""," ""GO:0015631"""," ""GO:0007015"""," ""GO:0006096"""," ""GO:0004332"""," ""GO:0015629"""," ""GO:0005829"""," ""GO:0030168"""," ""GO:0008360"""," ""GO:0005975"""," ""GO:0016020"""," ""GO:0003779"""," ""GO:0005576"""," ""GO:0005615"""," ""GO:0005634"")",,
"P09972 c(""GO:0030388"""," ""GO:0061621"""," ""GO:0030855"""," ""GO:0006000"""," ""GO:0006006"""," ""GO:0044281"""," ""GO:0070062"""," ""GO:0008092"""," ""GO:0005515"""," ""GO:0006094"""," ""GO:0006096"""," ""GO:0004332"""," ""GO:0005829"""," ""GO:0005975"""," ""GO:0005856"""," ""GO:0005739"")",,,,,,,,,,,,,,,,,,,,,
"P13284 c(""GO:0016667"""," ""GO:0060333"""," ""GO:0043202"""," ""GO:0019886"""," ""GO:0042590"""," ""GO:0005515"""," ""GO:0030054"""," ""GO:0019221"""," ""GO:0055114"""," ""GO:0043231"""," ""GO:0005886"""," ""GO:0005576"""," ""GO:0005764"""," ""GO:0005737"""," ""GO:0050821"""," ""GO:0048147"")",,,,,,,,,,,,,,,,,,,,,
"P17900 c(""GO:0006687"""," ""GO:0043202"""," ""GO:0044281"""," ""GO:0070062"""," ""GO:0006665"""," ""GO:0008047"""," ""GO:0005739"""," ""GO:0050885"""," ""GO:0019915"""," ""GO:0007611"""," ""GO:0050877"""," ""GO:0006689"""," ""GO:0009313"""," ""GO:0004563"""," ""GO:0005737"""," ""GO:0005764"""," ""GO:0009898"""," ""GO:0006869"""," ""GO:0005319"""," ""GO:0045179"""," ""GO:0051345"""," ""GO:0016004"""," ""GO:0001573"""," ""GO:0005889"""," ""GO:0032428"")",,,,,,,,,,,,
"P78417 c(""GO:0050610"""," ""GO:0045174"""," ""GO:0014810"""," ""GO:0060316"""," ""GO:0042178"""," ""GO:0019852"""," ""GO:0010881"""," ""GO:0010880"""," ""GO:1901687"""," ""GO:0071243"""," ""GO:0060315"""," ""GO:0044281"""," ""GO:0070062"""," ""GO:0006749"""," ""GO:0005515"""," ""GO:0006805"""," ""GO:0004364"""," ""GO:0005829"""," ""GO:0032259"""," ""GO:0016491"""," ""GO:0098869"""," ""GO:0005737"""," ""GO:0055114"""," ""GO:0005604"""," ""GO:0030424"""," ""GO:0044297"""," ""GO:0031965"""," ""GO:0043209"""," ""GO:0019853"")",,,,,,,,
"P09211 c(""GO:0097057"""," ""GO:0070664"""," ""GO:0070026"""," ""GO:0035732"""," ""GO:0035731"""," ""GO:0035730"""," ""GO:0035726"""," ""GO:0032872"""," ""GO:0019207"""," ""GO:0051771"""," ""GO:0071638"""," ""GO:0010804"""," ""GO:0002674"""," ""GO:0048147"""," ""GO:0032873"""," ""GO:0032930"""," ""GO:0008432"""," ""GO:0043407"""," ""GO:0032691"""," ""GO:0043124"""," ""GO:0043508"""," ""GO:1901687"""," ""GO:0043409"""," ""GO:0006469"""," ""GO:0070372"""," ""GO:0000302"""," ""GO:0007417"""," ""GO:0032720"""," ""GO:0009890"""," ""GO:0031982"""," ""GO:0071222"""," ""GO:0044281"""," ""GO:0070062"""," ""GO:0006749"""," ""GO:0005515"""," ""GO:2001237""", 
GO:0070373," ""GO:0006805"""," ""GO:0004364"""," ""GO:0005829"""," ""GO:0043066"""," ""GO:0005622"""," ""GO:0005739"""," ""GO:0005615"""," ""GO:0005737"""," ""GO:0005634"""," ""GO:0032355"""," ""GO:0031667"""," ""GO:0005886"""," ""GO:0009636"""," ""GO:0045471"""," ""GO:0008144"""," ""GO:0046689"""," ""GO:0043200"""," ""GO:0031100"""," ""GO:0071385"""," ""GO:0032869"""," ""GO:0033591"""," ""GO:0043295"""," ""GO:0014003"""," ""GO:0071460"""," ""GO:0071364"")",,,,,,,,,,,
"O75487 c(""GO:0043202"""," ""GO:0030204"""," ""GO:0007603"""," ""GO:0006027"""," ""GO:0001523"""," ""GO:0005796"""," ""GO:0030203"""," ""GO:0009653"""," ""GO:0044281"""," ""GO:0070062"""," ""GO:0009897"""," ""GO:0008283"""," ""GO:0006024"""," ""GO:0005887"""," ""GO:0043395"""," ""GO:0031225"""," ""GO:0005578"""," ""GO:0005975"""," ""GO:0016020"""," ""GO:0005886"""," ""GO:0005615"""," ""GO:0005634"")",,,,,,,,,,,,,,,
"Q92538 c(""GO:0005488"""," ""GO:1903420"""," ""GO:1903409"""," ""GO:0070973"""," ""GO:0061162"""," ""GO:0002263"""," ""GO:0090166"""," ""GO:0034067"""," ""GO:0005793"""," ""GO:2000008"""," ""GO:0048205"""," ""GO:0005811"""," ""GO:0006892"""," ""GO:0006895"""," ""GO:0097111"""," ""GO:0030593"""," ""GO:0007030"""," ""GO:0005547"""," ""GO:0061024"""," ""GO:0016032"""," ""GO:0080025"""," ""GO:0031252"""," ""GO:0006996"""," ""GO:0005515"""," ""GO:0042147"""," ""GO:0006890"""," ""GO:0005802"""," ""GO:0032012"""," ""GO:0005086"""," ""GO:0007346"""," ""GO:0000139"""," ""GO:0005794"""," ""GO:0005801"""," ""GO:0043547"""," ""GO:0015031"""," ""GO:0016020""", 
GO:0005777," ""GO:0005739"""," ""GO:0005788"""," ""GO:0005795"")",,,,,,,,,,,,,,,,,,,,,,,,,,,,,,,,,
P08107 character(0),,,,,,,,,,,,,,,,,,,,,,,,,,,,,,,,,,,,
"Q12931 c(""GO:1903751"""," ""GO:1901856"""," ""GO:0009386"""," ""GO:1903427"""," ""GO:0061077"""," ""GO:0005811"""," ""GO:0005758"""," ""GO:0006950"""," ""GO:0070062"""," ""GO:0019901"""," ""GO:0044822"""," ""GO:0005515"""," ""GO:0005164"""," ""GO:0005759"""," ""GO:0005743"""," ""GO:0051082"""," ""GO:0006457"""," ""GO:0016020"""," ""GO:0005739"""," ""GO:0005654"""," ""GO:0005524"""," ""GO:1902176"")",,,,,,,,,,,,,,,
"P07900 c(""GO:0061684"""," ""GO:0045040"""," ""GO:0043335"""," ""GO:0009409"""," ""GO:0051020"""," ""GO:0023026"""," ""GO:0071682"""," ""GO:0030235"""," ""GO:0043254"""," ""GO:0042026"""," ""GO:0031396"""," ""GO:0046677"""," ""GO:0045429"""," ""GO:1900034"""," ""GO:0051131"""," ""GO:0043202"""," ""GO:0030911"""," ""GO:0046209"""," ""GO:0034605"""," ""GO:0006839"""," ""GO:0000086"""," ""GO:0042470"""," ""GO:0048010"""," ""GO:0000278"""," ""GO:0006950"""," ""GO:0042803"""," ""GO:0044281"""," ""GO:0070062"""," ""GO:0045087"""," ""GO:0038096"""," ""GO:0042802"""," ""GO:0006996"""," ""GO:0006986"""," ""GO:0044822"""," ""GO:0005515"""," ""GO:0009408""", 
GO:0042826," ""GO:0005829"""," ""GO:0006898"""," ""GO:0051082"""," ""GO:0007165"""," ""GO:0006457"""," ""GO:0016020"""," ""GO:0050999"""," ""GO:0016887"""," ""GO:0005886"""," ""GO:0005576"""," ""GO:0007411"""," ""GO:0005654"""," ""GO:0000166"""," ""GO:0005737"""," ""GO:0005634"""," ""GO:0005524"""," ""GO:0005622"""," ""GO:0050790"""," ""GO:0032587"""," ""GO:0043209"""," ""GO:0019901"""," ""GO:0005525"""," ""GO:0003009"""," ""GO:0016323"""," ""GO:0003729"""," ""GO:0031012"""," ""GO:0043234"""," ""GO:0009986"""," ""GO:0043627"""," ""GO:0043005"""," ""GO:0043025"""," ""GO:0031526"""," ""GO:0019903"""," ""GO:0048471"""," ""GO:0044325""", 
GO:0045793," ""GO:0016324"""," ""GO:0033160"""," ""GO:0001764"""," ""GO:0010659"""," ""GO:0009651"""," ""GO:0060452"""," ""GO:0010592"""," ""GO:0002134"""," ""GO:0002135"""," ""GO:0017098"""," ""GO:0032564"""," ""GO:0051022"")",,,,,,,,,,,,,,,,,,,,,,,,
"P08238 c(""GO:0097435"""," ""GO:0019062"""," ""GO:0023026"""," ""GO:0030235"""," ""GO:0031396"""," ""GO:0045429"""," ""GO:1900034"""," ""GO:0035872"""," ""GO:0060338"""," ""GO:0060334"""," ""GO:0030911"""," ""GO:0032435"""," ""GO:0019900"""," ""GO:0034605"""," ""GO:0042470"""," ""GO:0006950"""," ""GO:0070062"""," ""GO:0045087"""," ""GO:0038096"""," ""GO:0006986"""," ""GO:0044822"""," ""GO:0005515"""," ""GO:0008180"""," ""GO:0003725"""," ""GO:0042826"""," ""GO:0005829"""," ""GO:0051082"""," ""GO:0006457"""," ""GO:0016020"""," ""GO:0005739"""," ""GO:0007411"""," ""GO:0005654"""," ""GO:0005737"""," ""GO:0005524"""," ""GO:0005622"""," ""GO:0010033""", 
GO:0043066," ""GO:0001890"""," ""GO:0019887"""," ""GO:0071353"""," ""GO:0019901"""," ""GO:0005525"""," ""GO:0071407"""," ""GO:0016323"""," ""GO:0009986"""," ""GO:0043524"""," ""GO:0031526"""," ""GO:0044325"""," ""GO:0045793"""," ""GO:0016324"""," ""GO:0033160"""," ""GO:0009651"""," ""GO:0032092"""," ""GO:0071902"""," ""GO:0016234"""," ""GO:0002134"""," ""GO:0002135"""," ""GO:0017098"""," ""GO:0032564"")",,,,,,,,,,,,,,
"P54652 c(""GO:0007140"""," ""GO:0009409"""," ""GO:0090084"""," ""GO:0042026"""," ""GO:0019899"""," ""GO:0070062"""," ""GO:0072562"""," ""GO:0006986"""," ""GO:0036128"""," ""GO:0005515"""," ""GO:0009408"""," ""GO:0005829"""," ""GO:0051082"""," ""GO:0016020"""," ""GO:0005634"""," ""GO:0005524"""," ""GO:0007283"""," ""GO:0009986"""," ""GO:0007286"""," ""GO:0005739"""," ""GO:0001934"""," ""GO:0000795"""," ""GO:0032781"""," ""GO:0051861"""," ""GO:0001673"""," ""GO:1901896"""," ""GO:0043209"""," ""GO:0007141"""," ""GO:0031662"""," ""GO:0070194"""," ""GO:0072687"")",,,,,,
"Q99729 c(""GO:0001837"""," ""GO:0090575"""," ""GO:0044822"""," ""GO:0005515"""," ""GO:0003729"""," ""GO:0045893"""," ""GO:0030529"""," ""GO:0043565"""," ""GO:0003700"""," ""GO:0003723"""," ""GO:0005654"""," ""GO:0003676"""," ""GO:0000166"""," ""GO:0005737"""," ""GO:0005634"")",,,,,,,,,,,,,,,,,,,,,,
"P61978 c(""GO:0072369"""," ""GO:0045716"""," ""GO:0010988"""," ""GO:0001077"""," ""GO:0048260"""," ""GO:0000790"""," ""GO:0071013"""," ""GO:0016032"""," ""GO:0010467"""," ""GO:0002102"""," ""GO:0042995"""," ""GO:0070062"""," ""GO:0044822"""," ""GO:0005515"""," ""GO:0008380"""," ""GO:0000978"""," ""GO:0005925"""," ""GO:0000398"""," ""GO:0006396"""," ""GO:0006366"""," ""GO:0045944"""," ""GO:0003697"""," ""GO:0043066"""," ""GO:0007165"""," ""GO:0016020"""," ""GO:0003723"""," ""GO:0005654"""," ""GO:0003676"""," ""GO:0005737"""," ""GO:0005634"""," ""GO:0048025"""," ""GO:1902165"""," ""GO:0005829"""," ""GO:0071333"""," ""GO:0019904"""," ""GO:0000122""", 
GO:0006357," ""GO:0005739"""," ""GO:0007568"""," ""GO:0001889"""," ""GO:0008134"""," ""GO:0014823"""," ""GO:0043197"""," ""GO:0001822"""," ""GO:0031072"""," ""GO:0043679"""," ""GO:1902074"""," ""GO:1904322"""," ""GO:0010976"""," ""GO:0050806"""," ""GO:0042805"""," ""GO:0003690"""," ""GO:0006953"""," ""GO:0021766"""," ""GO:0010629"""," ""GO:0051117"""," ""GO:0007417"""," ""GO:0032869"""," ""GO:0043021"""," ""GO:0021549"""," ""GO:0021987"""," ""GO:0030324"""," ""GO:0003730"""," ""GO:0014069"""," ""GO:0005938"""," ""GO:0060999"""," ""GO:0001159"""," ""GO:0032993"""," ""GO:1900273"""," ""GO:1990715"""," ""GO:0071230"""," ""GO:0043010""", 
GO:0001541," ""GO:0090129"""," ""GO:0005521"""," ""GO:0007422"""," ""GO:0072752"""," ""GO:0048538"""," ""GO:0033120"""," ""GO:0032091"""," ""GO:2000173"""," ""GO:0030628"""," ""GO:1903861"""," ""GO:1990829"""," ""GO:2000010"")",,,,,,,,,,,,,,,,,,,,,,,,
"O43390 c(""GO:0005681"""," ""GO:0071013"""," ""GO:0010467"""," ""GO:0044822"""," ""GO:0005515"""," ""GO:0008380"""," ""GO:0000398"""," ""GO:0030529"""," ""GO:0003723"""," ""GO:0006397"""," ""GO:0005654"""," ""GO:0003676"""," ""GO:0000166"""," ""GO:0005737"""," ""GO:0005634"""," ""GO:0043086"""," ""GO:0030425"""," ""GO:0043679"""," ""GO:0030426"""," ""GO:0007623"""," ""GO:0003730"""," ""GO:0061014"""," ""GO:0061157"")",,,,,,,,,,,,,,
"P22626 c(""GO:0050658"""," ""GO:0043047"""," ""GO:0005681"""," ""GO:0071013"""," ""GO:0010467"""," ""GO:0044822"""," ""GO:0005515"""," ""GO:0008380"""," ""GO:0000398"""," ""GO:0030529"""," ""GO:0016020"""," ""GO:0003723"""," ""GO:0006397"""," ""GO:0005654"""," ""GO:0003676"""," ""GO:0000166"""," ""GO:0005737"""," ""GO:0005634"""," ""GO:0000122"""," ""GO:0097157"""," ""GO:0048025"")",,,,,,,,,,,,,,,,
"P07910 c(""GO:1990247"""," ""GO:0070935"""," ""GO:0032211"""," ""GO:0008266"""," ""GO:0001649"""," ""GO:0070034"""," ""GO:0005697"""," ""GO:0000980"""," ""GO:0000790"""," ""GO:0003730"""," ""GO:0043234"""," ""GO:0005681"""," ""GO:0071013"""," ""GO:0010467"""," ""GO:0070062"""," ""GO:0042802"""," ""GO:0044822"""," ""GO:0005515"""," ""GO:0008380"""," ""GO:0000978"""," ""GO:0000398"""," ""GO:0031492"""," ""GO:0005829"""," ""GO:0043044"""," ""GO:0016020"""," ""GO:0003723"""," ""GO:0005654"""," ""GO:0003676"""," ""GO:0000166"""," ""GO:0005634"""," ""GO:0003729"""," ""GO:0045120"")",,,,,
"P09429 c(""GO:1990774"""," ""GO:0050716"""," ""GO:0033151"""," ""GO:0032072"""," ""GO:0019958"""," ""GO:0017055"""," ""GO:0002643"""," ""GO:0001773"""," ""GO:0032425"""," ""GO:0050786"""," ""GO:0002437"""," ""GO:0000405"""," ""GO:0097100"""," ""GO:0000793"""," ""GO:0043388"""," ""GO:0042056"""," ""GO:0032392"""," ""GO:0043537"""," ""GO:0005793"""," ""GO:0050918"""," ""GO:0070182"""," ""GO:0002407"""," ""GO:0043280"""," ""GO:0007204"""," ""GO:0006921"""," ""GO:0000400"""," ""GO:2000778"""," ""GO:0070374"""," ""GO:0002218"""," ""GO:0006309"""," ""GO:0043410"""," ""GO:0090026"""," ""GO:0008301"""," ""GO:0070491"""," ""GO:0006265"""," ""GO:0017053""", 
GO:0003684," ""GO:0003690"""," ""GO:0002250"""," ""GO:0009986"""," ""GO:0010506"""," ""GO:0012501"""," ""GO:0045087"""," ""GO:0031175"""," ""GO:0001530"""," ""GO:0051103"""," ""GO:0044822"""," ""GO:0046330"""," ""GO:0005515"""," ""GO:0006914"""," ""GO:0006310"""," ""GO:0005125"""," ""GO:0043065"""," ""GO:0005829"""," ""GO:0045944"""," ""GO:0003697"""," ""GO:0008134"""," ""GO:0000122"""," ""GO:0006915"""," ""GO:0006954"""," ""GO:0003700"""," ""GO:0005886"""," ""GO:0005576"""," ""GO:0016829"""," ""GO:0005654"""," ""GO:0006357"""," ""GO:0003677"""," ""GO:0005615"""," ""GO:0005634"""," ""GO:0005737"""," ""GO:0045859"""," ""GO:0001934""", 
GO:0005769," ""GO:0006284"""," ""GO:0003725"""," ""GO:0032760"""," ""GO:0043005"""," ""GO:0001654"""," ""GO:0003727"""," ""GO:0032755"""," ""GO:0045089"""," ""GO:0032147"""," ""GO:0030295"""," ""GO:0030324"""," ""GO:0032728"""," ""GO:0090303"""," ""GO:0034145"""," ""GO:0001935"""," ""GO:0002281"""," ""GO:0050718"""," ""GO:0045639"""," ""GO:0031497"""," ""GO:0051384"""," ""GO:1901224"""," ""GO:0035767"""," ""GO:1903672"""," ""GO:2000819"""," ""GO:0034137"""," ""GO:0032727"""," ""GO:0002270"""," ""GO:0002840"""," ""GO:0010858"""," ""GO:0045819"""," ""GO:2000426"")",,,,,
"P50502 c(""GO:0070062"""," ""GO:0005515"""," ""GO:0030674"""," ""GO:0006457"""," ""GO:0005737"""," ""GO:0005829"""," ""GO:0019904"""," ""GO:0051260"""," ""GO:0043234"""," ""GO:0051082"""," ""GO:0032403"""," ""GO:0042802"""," ""GO:0051087"""," ""GO:0030544"""," ""GO:0032564"""," ""GO:0061084"""," ""GO:0070389"")",,,,,,,,,,,,,,,,,,,,
"Q9Y4L1 c(""GO:1903298"""," ""GO:0005790"""," ""GO:0071682"""," ""GO:0002931"""," ""GO:0071456"""," ""GO:0036498"""," ""GO:0034976"""," ""GO:0005788"""," ""GO:0051087"""," ""GO:0044267"""," ""GO:0070062"""," ""GO:0005925"""," ""GO:0005783"""," ""GO:0030968"""," ""GO:0006898"""," ""GO:0016020"""," ""GO:0005576"""," ""GO:0005524"""," ""GO:0043066"""," ""GO:0034663"""," ""GO:1903382"""," ""GO:0001666"")",,,,,,,,,,,,,,,
"O95373 c(""GO:0005488"""," ""GO:0030695"""," ""GO:0006606"""," ""GO:0016032"""," ""GO:0005515"""," ""GO:0005643"""," ""GO:0050790"""," ""GO:0005829"""," ""GO:0008565"""," ""GO:0007165"""," ""GO:0008536"""," ""GO:0006886"""," ""GO:0016020"""," ""GO:0005215"""," ""GO:0005654"""," ""GO:0005737"""," ""GO:0045087"""," ""GO:0042393"")",,,,,,,,,,,,,,,,,,,
"P17936 c(""GO:0008160"""," ""GO:0045663"""," ""GO:0043567"""," ""GO:0031995"""," ""GO:0031994"""," ""GO:0042567"""," ""GO:0016942"""," ""GO:0048662"""," ""GO:0014912"""," ""GO:0001933"""," ""GO:0009968"""," ""GO:0001968"""," ""GO:0044267"""," ""GO:0070062"""," ""GO:0005515"""," ""GO:0008285"""," ""GO:0005520"""," ""GO:0001558"""," ""GO:0043065"""," ""GO:0006915"""," ""GO:0005576"""," ""GO:0046872"""," ""GO:0043085"""," ""GO:0005615"""," ""GO:0006468"""," ""GO:0005634"""," ""GO:0001649"""," ""GO:0043410"""," ""GO:0010906"""," ""GO:0040008"""," ""GO:0043568"""," ""GO:0044342"")",,,,,
"P29966 c(""GO:0006112"""," ""GO:0050796"""," ""GO:0044281"""," ""GO:0070062"""," ""GO:0005925"""," ""GO:0005516"""," ""GO:0051015"""," ""GO:0015629"""," ""GO:0005886"""," ""GO:0005737"""," ""GO:0005515"""," ""GO:0016020"""," ""GO:0005813"""," ""GO:0005938"""," ""GO:0005080"""," ""GO:0042585"""," ""GO:0005829"""," ""GO:0006886"""," ""GO:0007420"""," ""GO:0045202"""," ""GO:0005874"""," ""GO:0005543"""," ""GO:0043197"""," ""GO:0043679"""," ""GO:0005764"""," ""GO:0010976"""," ""GO:0007015"""," ""GO:0030426"""," ""GO:0001786"""," ""GO:2001275"""," ""GO:0033391"""," ""GO:0061003"""," ""GO:1900020"""," ""GO:0001520"""," ""GO:0003229"""," ""GO:0031584""", 
GO:0031589," ""GO:0032059"""," ""GO:0044307"")",,,,,,,,,,,,,,,,,,,,,,,,,,,,,,,,,,
"Q14697 c(""GO:0033919"""," ""GO:0043687"""," ""GO:0005788"""," ""GO:0042470"""," ""GO:0044267"""," ""GO:0070062"""," ""GO:0018279"""," ""GO:0044822"""," ""GO:0030246"""," ""GO:0005794"""," ""GO:0006457"""," ""GO:0016020"""," ""GO:0003824"""," ""GO:0004553"""," ""GO:0005975"""," ""GO:0005515"""," ""GO:0017177"")",,,,,,,,,,,,,,,,,,,,
"P00558 c(""GO:0004618"""," ""GO:0061621"""," ""GO:0030855"""," ""GO:0006006"""," ""GO:0045121"""," ""GO:0044281"""," ""GO:0070062"""," ""GO:0005515"""," ""GO:0006094"""," ""GO:0006096"""," ""GO:0005829"""," ""GO:0005975"""," ""GO:0016310"""," ""GO:0016020"""," ""GO:0005524"")",,,,,,,,,,,,,,,,,,,,,,
"P55058 c(""GO:0010875"""," ""GO:0034375"""," ""GO:0008289"""," ""GO:0005576"""," ""GO:0006869"""," ""GO:0006629"""," ""GO:0005615"""," ""GO:0030317"""," ""GO:0010189"")",,,,,,,,,,,,,,,,,,,,,,,,,,,,
"Q8NC51 c(""GO:0003730"""," ""GO:0043488"""," ""GO:0070062"""," ""GO:0044822"""," ""GO:0005515"""," ""GO:0048471"""," ""GO:0016020"""," ""GO:0005737"""," ""GO:0005634"""," ""GO:0005886"""," ""GO:0042981"")",,,,,,,,,,,,,,,,,,,,,,,,,,
"Q10471 c(""GO:0018243"""," ""GO:0018242"""," ""GO:0004653"""," ""GO:0002378"""," ""GO:0043687"""," ""GO:0005795"""," ""GO:0006493"""," ""GO:0030145"""," ""GO:0030173"""," ""GO:0032580"""," ""GO:0044267"""," ""GO:0016266"""," ""GO:0070062"""," ""GO:0005515"""," ""GO:0048471"""," ""GO:0030246"""," ""GO:0000139"""," ""GO:0005794"""," ""GO:0016020"")",,,,,,,,,,,,,,,,,,
"P61758 c(""GO:0005844"""," ""GO:0051084"""," ""GO:0007021"""," ""GO:0016272"""," ""GO:0044267"""," ""GO:0005515"""," ""GO:0015631"""," ""GO:0006457"""," ""GO:0007017"""," ""GO:0043231"""," ""GO:0005737"""," ""GO:0005634"")",,,,,,,,,,,,,,,,,,,,,,,,,
"P26196 c(""GO:0019074"""," ""GO:0043928"""," ""GO:0010494"""," ""GO:0010501"""," ""GO:0003724"""," ""GO:0016442"""," ""GO:0004004"""," ""GO:0033962"""," ""GO:0006417"""," ""GO:0000288"""," ""GO:0010467"""," ""GO:0044822"""," ""GO:0000932"""," ""GO:0005515"""," ""GO:0019904"""," ""GO:0005829"""," ""GO:0004386"""," ""GO:0016020"""," ""GO:0043231"""," ""GO:0003676"""," ""GO:0005737"""," ""GO:0005524"""," ""GO:0019827"""," ""GO:0045665"")",,,,,,,,,,,,,
"Q9NQH7 c(""GO:0003094"""," ""GO:0016485"""," ""GO:0030145"""," ""GO:0070062"""," ""GO:0008237"""," ""GO:0004177"""," ""GO:0005739"")",,,,,,,,,,,,,,,,,,,,,,,,,,,,,,
"P12004 c(""GO:0070557"""," ""GO:0043626"""," ""GO:0032405"""," ""GO:0032139"""," ""GO:0032077"""," ""GO:0030337"""," ""GO:0000701"""," ""GO:0070987"""," ""GO:0006297"""," ""GO:0032201"""," ""GO:0006272"""," ""GO:0000722"""," ""GO:0070911"""," ""GO:0035035"""," ""GO:0042769"""," ""GO:0006271"""," ""GO:0042276"""," ""GO:0043596"""," ""GO:0033683"""," ""GO:0006283"""," ""GO:0034644"""," ""GO:0045740"""," ""GO:0000083"""," ""GO:0070182"""," ""GO:0030855"""," ""GO:0045739"""," ""GO:0005663"""," ""GO:0000082"""," ""GO:0000784"""," ""GO:0030971"""," ""GO:0003684"""," ""GO:0000278"""," ""GO:0006284"""," ""GO:0070062"""," ""GO:0042802"""," ""GO:0008283""", 
GO:0006275," ""GO:0005515"""," ""GO:0000723"""," ""GO:0019985"""," ""GO:0006281"""," ""GO:0006289"""," ""GO:0003682"""," ""GO:0005813"""," ""GO:0006298"""," ""GO:0005654"""," ""GO:0003677"""," ""GO:0005737"""," ""GO:0005634"""," ""GO:0030331"""," ""GO:0046686"""," ""GO:0007507"""," ""GO:0033993"")",,,,,,,,,,,,,,,,,,,,
"Q9UQ80 c(""GO:0045597"""," ""GO:0006417"""," ""GO:0070062"""," ""GO:0008283"""," ""GO:0044822"""," ""GO:0005515"""," ""GO:0045892"""," ""GO:0030529"""," ""GO:0043066"""," ""GO:0031625"""," ""GO:0007049"""," ""GO:0007050"""," ""GO:0006364"""," ""GO:0016020"""," ""GO:0003700"""," ""GO:0006355"""," ""GO:0006351"""," ""GO:0005730"""," ""GO:0005654"""," ""GO:0003677"""," ""GO:0005737"""," ""GO:0005634"")",,,,,,,,,,,,,,,
"P28070 c(""GO:0051436"""," ""GO:0004175"""," ""GO:0000082"""," ""GO:0090263"""," ""GO:0051439"""," ""GO:0051437"""," ""GO:0048011"""," ""GO:0048010"""," ""GO:0043488"""," ""GO:0042590"""," ""GO:0034641"""," ""GO:0033209"""," ""GO:0031145"""," ""GO:0008286"""," ""GO:0007173"""," ""GO:0006977"""," ""GO:0006521"""," ""GO:0002479"""," ""GO:0002223"""," ""GO:0000278"""," ""GO:0000186"""," ""GO:0016032"""," ""GO:0010467"""," ""GO:0044281"""," ""GO:0012501"""," ""GO:0070062"""," ""GO:0045087"""," ""GO:0090090"""," ""GO:0038095"""," ""GO:0005515"""," ""GO:0007265"""," ""GO:0000165"""," ""GO:0000209"""," ""GO:0008543"""," ""GO:0006595"""," ""GO:0002474""", 
GO:0038061," ""GO:0000502"""," ""GO:0005829"""," ""GO:0051603"""," ""GO:0005839"""," ""GO:0043066"""," ""GO:0042981"""," ""GO:0006915"""," ""GO:0050852"""," ""GO:0007264"""," ""GO:0004298"""," ""GO:0007411"""," ""GO:0005654"""," ""GO:0005634"""," ""GO:0001530"""," ""GO:0002862"")",,,,,,,,,,,,,,,,,,,,,
"Q99873 c(""GO:0016571"""," ""GO:0045653"""," ""GO:0048273"""," ""GO:1900745"""," ""GO:0035242"""," ""GO:0019919"""," ""GO:0045648"""," ""GO:0046985"""," ""GO:0042054"""," ""GO:0044020"""," ""GO:0018216"""," ""GO:0016274"""," ""GO:0043985"""," ""GO:0034709"""," ""GO:0008170"""," ""GO:0035246"""," ""GO:0008276"""," ""GO:0019899"""," ""GO:0008327"""," ""GO:0042802"""," ""GO:0031175"""," ""GO:0006325"""," ""GO:0044822"""," ""GO:0005515"""," ""GO:0007166"""," ""GO:0006479"""," ""GO:0008168"""," ""GO:0005829"""," ""GO:0006355"""," ""GO:0005654"""," ""GO:0005737"""," ""GO:0005634"")",,,,,
"O00622 c(""GO:0070372"""," ""GO:0060548"""," ""GO:0044319"""," ""GO:0033690"""," ""GO:0005178"""," ""GO:0045860"""," ""GO:0045669"""," ""GO:0007267"""," ""GO:0006935"""," ""GO:0009653"""," ""GO:0001934"""," ""GO:0030335"""," ""GO:0008283"""," ""GO:0005515"""," ""GO:0008201"""," ""GO:0005520"""," ""GO:0001558"""," ""GO:0045944"""," ""GO:0031012"""," ""GO:0007155"""," ""GO:0005578"""," ""GO:0030513"""," ""GO:0007165"""," ""GO:0005576"""," ""GO:0043066"""," ""GO:0001649"""," ""GO:0016337"""," ""GO:0060716"""," ""GO:0003281"""," ""GO:0072593"""," ""GO:0030198"""," ""GO:0043065"""," ""GO:0061036"""," ""GO:0010811"""," ""GO:0045597"""," ""GO:0043280""", 
GO:0060413," ""GO:0003181"""," ""GO:0010518"""," ""GO:0050840"""," ""GO:0060710"""," ""GO:0060591"""," ""GO:0002041"""," ""GO:0003278"""," ""GO:2000304"")",,,,,,,,,,,,,,,,,,,,,,,,,,,,
"P30101 c(""GO:0034975"""," ""GO:0015036"""," ""GO:0034976"""," ""GO:0043687"""," ""GO:0006621"""," ""GO:0003756"""," ""GO:0005788"""," ""GO:0004629"""," ""GO:0006606"""," ""GO:0042470"""," ""GO:0009986"""," ""GO:0042590"""," ""GO:0002479"""," ""GO:0044267"""," ""GO:0070062"""," ""GO:0018279"""," ""GO:0044822"""," ""GO:0016853"""," ""GO:0005515"""," ""GO:0005925"""," ""GO:0005783"""," ""GO:0002474"""," ""GO:0004197"""," ""GO:0045454"""," ""GO:0007165"""," ""GO:0055114"""," ""GO:0006457"""," ""GO:0006508"""," ""GO:0005634"""," ""GO:0043209"""," ""GO:2001238"")",,,,,,
"P55786 c(""GO:1903955"""," ""GO:0071456"""," ""GO:0070006"""," ""GO:0043171"""," ""GO:0042277"""," ""GO:0070062"""," ""GO:0000209"""," ""GO:0002474"""," ""GO:0005829"""," ""GO:0008237"""," ""GO:0004177"""," ""GO:0006508"""," ""GO:0005886"""," ""GO:0008270"""," ""GO:0005634"")",,,,,,,,,,,,,,,,,,,,,,
Q14568 character(0),,,,,,,,,,,,,,,,,,,,,,,,,,,,,,,,,,,,
Q58FG0 character(0),,,,,,,,,,,,,,,,,,,,,,,,,,,,,,,,,,,,
Q58FF7 character(0),,,,,,,,,,,,,,,,,,,,,,,,,,,,,,,,,,,,
"P14618 c(""GO:0023026"""," ""GO:0061621"""," ""GO:1903561"""," ""GO:0031982"""," ""GO:0030955"""," ""GO:0004743"""," ""GO:0006006"""," ""GO:0044281"""," ""GO:0012501"""," ""GO:0070062"""," ""GO:0044822"""," ""GO:0005515"""," ""GO:0006096"""," ""GO:0005829"""," ""GO:0003824"""," ""GO:0031012"""," ""GO:0005975"""," ""GO:0016301"""," ""GO:0000287"""," ""GO:0005886"""," ""GO:0005739"""," ""GO:0005737"""," ""GO:0005634"""," ""GO:0005524"""," ""GO:0005929"""," ""GO:0043209"""," ""GO:0001666"""," ""GO:0032868"""," ""GO:0001889"""," ""GO:0007584"""," ""GO:0010033"""," ""GO:0031100"""," ""GO:0042866"""," ""GO:0043531"""," ""GO:0014870"""," ""GO:0009629""", 
GO:0006754," ""GO:0043403"")",,,,,,,,,,,,,,,,,,,,,,,,,,,,,,,,,,,
"P46940 c(""GO:1990138"""," ""GO:0043539"""," ""GO:0071277"""," ""GO:0071364"""," ""GO:0044548"""," ""GO:0036464"""," ""GO:0072015"""," ""GO:0036057"""," ""GO:0045860"""," ""GO:0006112"""," ""GO:0034260"""," ""GO:0005095"""," ""GO:0019903"""," ""GO:0071902"""," ""GO:0043005"""," ""GO:0050796"""," ""GO:0005547"""," ""GO:0001726"""," ""GO:0007173"""," ""GO:0044281"""," ""GO:0070062"""," ""GO:0030426"""," ""GO:0030424"""," ""GO:0031234"""," ""GO:0019901"""," ""GO:0005515"""," ""GO:0005884"""," ""GO:0019904"""," ""GO:0005925"""," ""GO:0043087"""," ""GO:0015630"""," ""GO:0005516"""," ""GO:0015629"""," ""GO:0030496"""," ""GO:0005829"""," ""GO:0043547""", 
GO:0005096," ""GO:0007165"""," ""GO:0005874"""," ""GO:0007264"""," ""GO:0005886"""," ""GO:0005737"""," ""GO:0005509"""," ""GO:0016020"""," ""GO:0005911"""," ""GO:0016328"""," ""GO:0017048"""," ""GO:0030529"""," ""GO:0031252"""," ""GO:0008543"""," ""GO:0044344"""," ""GO:0048365"""," ""GO:0001817"""," ""GO:0048008"""," ""GO:0036120"""," ""GO:0035305"""," ""GO:0043234"""," ""GO:0032403"")",,,,,,,,,,,,,,,
"P00352 c(""GO:0018479"""," ""GO:0005497"""," ""GO:0001758"""," ""GO:0006081"""," ""GO:0004029"""," ""GO:0044281"""," ""GO:0070062"""," ""GO:0006069"""," ""GO:0006805"""," ""GO:0005829"""," ""GO:0042572"""," ""GO:0016491"""," ""GO:0043547"""," ""GO:0005096"""," ""GO:0055114"""," ""GO:0008152"""," ""GO:0005737"")",,,,,,,,,,,,,,,,,,,,
"O75635 c(""GO:0004867"""," ""GO:0010951"""," ""GO:0005615"""," ""GO:0005737"""," ""GO:0032967"""," ""GO:0032914"""," ""GO:0072126"""," ""GO:0090362"")",,,,,,,,,,,,,,,,,,,,,,,,,,,,,
A8MWD9 character(0),,,,,,,,,,,,,,,,,,,,,,,,,,,,,,,,,,,,
"P62318 c(""GO:0071209"""," ""GO:0071208"""," ""GO:0097526"""," ""GO:0005687"""," ""GO:0005683"""," ""GO:0030620"""," ""GO:0008334"""," ""GO:0071010"""," ""GO:0006369"""," ""GO:0005686"""," ""GO:0071011"""," ""GO:0005689"""," ""GO:0034719"""," ""GO:0070034"""," ""GO:0005697"""," ""GO:0034660"""," ""GO:0005682"""," ""GO:0030532"""," ""GO:0034715"""," ""GO:0034709"""," ""GO:0031124"""," ""GO:0000245"""," ""GO:0019899"""," ""GO:0005681"""," ""GO:0071013"""," ""GO:0010467"""," ""GO:0070062"""," ""GO:0044822"""," ""GO:0005515"""," ""GO:0005685"""," ""GO:0000387"""," ""GO:0000243"""," ""GO:0008380"""," ""GO:0000398"""," ""GO:0006479"""," ""GO:0006366""", 
GO:0005829," ""GO:0003723"""," ""GO:0005654"""," ""GO:0005737"""," ""GO:0005634"")",,,,,,,,,,,,,,,,,,,,,,,,,,,,,,,,
"P11166 c(""GO:0019852"""," ""GO:0015758"""," ""GO:0008645"""," ""GO:0043621"""," ""GO:0006767"""," ""GO:0006766"""," ""GO:0030864"""," ""GO:0006112"""," ""GO:0005989"""," ""GO:0050796"""," ""GO:0042470"""," ""GO:0044281"""," ""GO:0070062"""," ""GO:0072562"""," ""GO:0042802"""," ""GO:0006461"""," ""GO:1904659"""," ""GO:0005355"""," ""GO:0005515"""," ""GO:0022891"""," ""GO:0005887"""," ""GO:0030496"""," ""GO:0000139"""," ""GO:0022857"""," ""GO:0005975"""," ""GO:0016020"""," ""GO:0055085"""," ""GO:0005215"""," ""GO:0005886"""," ""GO:0016021"""," ""GO:0005737"""," ""GO:0005622"""," ""GO:0005829"""," ""GO:0045121"""," ""GO:0016324"""," ""GO:0016323""", 
GO:0031982," ""GO:0042149"""," ""GO:0033300"""," ""GO:0055056"""," ""GO:0070837"""," ""GO:0001939"""," ""GO:0005901"""," ""GO:0019900"""," ""GO:0005911"""," ""GO:0006970"""," ""GO:0042908"""," ""GO:0042910"")",,,,,,,,,,,,,,,,,,,,,,,,,
"P24821 c(""GO:0001649"""," ""GO:0045545"""," ""GO:0009611"""," ""GO:0030198"""," ""GO:0005515"""," ""GO:0005925"""," ""GO:0031012"""," ""GO:0007155"""," ""GO:0016020"""," ""GO:0005576"""," ""GO:0005615"""," ""GO:0010628"""," ""GO:0008284"""," ""GO:0005604"""," ""GO:0007528"""," ""GO:0005614"""," ""GO:0060740"""," ""GO:0014012"""," ""GO:0060739"""," ""GO:0071300"""," ""GO:0005578"""," ""GO:0009612"""," ""GO:0042060"""," ""GO:0045471"""," ""GO:0071305"""," ""GO:0042475"""," ""GO:0031175"""," ""GO:0007162"""," ""GO:0060447"""," ""GO:0071774"""," ""GO:0071799"")",,,,,,
"Q16881 c(""GO:0015949"""," ""GO:0000302"""," ""GO:0055086"""," ""GO:0010467"""," ""GO:0044281"""," ""GO:0044255"""," ""GO:0070062"""," ""GO:0005515"""," ""GO:0006367"""," ""GO:0005829"""," ""GO:0016491"""," ""GO:0016668"""," ""GO:0098869"""," ""GO:0050660"""," ""GO:0045454"""," ""GO:0015035"""," ""GO:0009055"""," ""GO:0004791"""," ""GO:0007165"""," ""GO:0055114"""," ""GO:0005634"""," ""GO:0005737"""," ""GO:0005739"""," ""GO:0008283"""," ""GO:0007369"""," ""GO:0001707"")",,,,,,,,,,,
"P26639 c(""GO:0043039"""," ""GO:0016876"""," ""GO:0042803"""," ""GO:0010467"""," ""GO:0006435"""," ""GO:0004829"""," ""GO:0070062"""," ""GO:0005515"""," ""GO:0006418"""," ""GO:0004812"""," ""GO:0015629"""," ""GO:0005829"""," ""GO:0006412"""," ""GO:0000166"""," ""GO:0005737"""," ""GO:0005524"")",,,,,,,,,,,,,,,,,,,,,
"P07996 c(""GO:2000353"""," ""GO:1902043"""," ""GO:0070051"""," ""GO:0043652"""," ""GO:0040037"""," ""GO:0036066"""," ""GO:0032026"""," ""GO:0030823"""," ""GO:0010759"""," ""GO:0010754"""," ""GO:0010751"""," ""GO:0010748"""," ""GO:0002605"""," ""GO:0002581"""," ""GO:0010757"""," ""GO:2001027"""," ""GO:0030169"""," ""GO:0009749"""," ""GO:0032570"""," ""GO:0010763"""," ""GO:0043536"""," ""GO:0051918"""," ""GO:0030194"""," ""GO:0043032"""," ""GO:0043394"""," ""GO:0070052"""," ""GO:0001786"""," ""GO:0042493"""," ""GO:0032914"""," ""GO:0002544"""," ""GO:0051592"""," ""GO:0032695"""," ""GO:0043537"""," ""GO:0001953"""," ""GO:0051895"""," ""GO:0010595""", 
GO:0005178," ""GO:0050921"""," ""GO:0045727"""," ""GO:0042327"""," ""GO:0010596"""," ""GO:0001937"""," ""GO:0034976"""," ""GO:0031093"""," ""GO:0002576"""," ""GO:0043687"""," ""GO:0030511"""," ""GO:0001948"""," ""GO:0042535"""," ""GO:0031091"""," ""GO:0051897"""," ""GO:0006493"""," ""GO:0005788"""," ""GO:0034605"""," ""GO:0017134"""," ""GO:0045766"""," ""GO:0050431"""," ""GO:0007596"""," ""GO:0030198"""," ""GO:2000379"""," ""GO:0001666"""," ""GO:0009986"""," ""GO:0016529"""," ""GO:0016525"""," ""GO:0001968"""," ""GO:0044267"""," ""GO:0070062"""," ""GO:0009897"""," ""GO:0042802"""," ""GO:0002040"""," ""GO:0030335"""," ""GO:0006986""", 
GO:0043154," ""GO:0048266"""," ""GO:0005515"""," ""GO:2001237"""," ""GO:0030141"""," ""GO:0008201"""," ""GO:0043236"""," ""GO:0000187"""," ""GO:0005783"""," ""GO:0016477"""," ""GO:0018149"""," ""GO:0030168"""," ""GO:0005577"""," ""GO:0043066"""," ""GO:0031012"""," ""GO:0007155"""," ""GO:0006954"""," ""GO:0007050"""," ""GO:0006955"""," ""GO:0005576"""," ""GO:0005615"""," ""GO:0005509"")",,,,,,,,,,,,,,,
"P04066 c(""GO:0016139"""," ""GO:0004560"""," ""GO:0043202"""," ""GO:0006027"""," ""GO:0043687"""," ""GO:0006004"""," ""GO:0044267"""," ""GO:0070062"""," ""GO:0018279"""," ""GO:0005975"""," ""GO:0005737"""," ""GO:0005764"""," ""GO:0015928"""," ""GO:0030246"")",,,,,,,,,,,,,,,,,,,,,,,
"P61812 c(""GO:0042637"""," ""GO:0032909"""," ""GO:0010693"""," ""GO:0048103"""," ""GO:0051891"""," ""GO:0045823"""," ""GO:0051795"""," ""GO:0008347"""," ""GO:0045778"""," ""GO:0042704"""," ""GO:0045726"""," ""GO:0042476"""," ""GO:0042416"""," ""GO:0001942"""," ""GO:0050777"""," ""GO:0048566"""," ""GO:0034714"""," ""GO:0032570"""," ""GO:0010936"""," ""GO:0007435"""," ""GO:0005114"""," ""GO:0007184"""," ""GO:0060038"""," ""GO:0042493"""," ""GO:0010002"""," ""GO:0043025"""," ""GO:0001837"""," ""GO:0043525"""," ""GO:0010718"""," ""GO:0010634"""," ""GO:0003007"""," ""GO:0045787"""," ""GO:0060389"""," ""GO:0030199"""," ""GO:0050680"""," ""GO:0048699""", 
GO:0033630," ""GO:0032874"""," ""GO:0050714"""," ""GO:0031069"""," ""GO:0060395"""," ""GO:0031093"""," ""GO:0010862"""," ""GO:0002576"""," ""GO:0009611"""," ""GO:0097191"""," ""GO:0014068"""," ""GO:0032147"""," ""GO:0030307"""," ""GO:0042060"""," ""GO:0008219"""," ""GO:0007267"""," ""GO:0030097"""," ""GO:0030593"""," ""GO:0060317"""," ""GO:0007179"""," ""GO:0007596"""," ""GO:0030198"""," ""GO:0001666"""," ""GO:0042803"""," ""GO:0030308"""," ""GO:0001654"""," ""GO:0030424"""," ""GO:0004702"""," ""GO:0045216"""," ""GO:0009790"""," ""GO:0008283"""," ""GO:0005515"""," ""GO:0051781"""," ""GO:0023014"""," ""GO:0007507"""," ""GO:0040007""", 
GO:0048666," ""GO:0001540"""," ""GO:0050778"""," ""GO:0008285"""," ""GO:0016477"""," ""GO:0005125"""," ""GO:0016049"""," ""GO:0005160"""," ""GO:0008284"""," ""GO:0030168"""," ""GO:0005102"""," ""GO:0031012"""," ""GO:0046982"""," ""GO:0007050"""," ""GO:0000902"""," ""GO:0008083"""," ""GO:0005576"""," ""GO:0001525"""," ""GO:0005615"""," ""GO:0006468"""," ""GO:0007411"""," ""GO:0042981"""," ""GO:0010628"""," ""GO:0010629"""," ""GO:0005768"""," ""GO:0032956"""," ""GO:0001501"""," ""GO:0001568"""," ""GO:0060325"""," ""GO:0001502"""," ""GO:0001974"""," ""GO:0048663"""," ""GO:1903053"""," ""GO:0003179"""," ""GO:1900182"""," ""GO:0061037""", 
GO:2001241," ""GO:0070237"""," ""GO:0090091"""," ""GO:1904426"")",,,,,,,,,,,,,,,,,,,,,,,,,,,,,,,,,
"P60174 c(""GO:0004807"""," ""GO:0019563"""," ""GO:0046166"""," ""GO:0061621"""," ""GO:0006098"""," ""GO:0006006"""," ""GO:0044281"""," ""GO:0070062"""," ""GO:0005515"""," ""GO:0006094"""," ""GO:0006096"""," ""GO:0005829"""," ""GO:0031625"""," ""GO:0005975"""," ""GO:0008152"""," ""GO:0005615"""," ""GO:0005634"""," ""GO:0007275"""," ""GO:0016853"""," ""GO:0019682"")",,,,,,,,,,,,,,,,,
"Q13404 c(""GO:0031371"""," ""GO:0035370"""," ""GO:0006282"""," ""GO:0070423"""," ""GO:0035872"""," ""GO:0034146"""," ""GO:0070534"""," ""GO:0038124"""," ""GO:0038123"""," ""GO:0034142"""," ""GO:0034134"""," ""GO:0034162"""," ""GO:0002224"""," ""GO:0034166"""," ""GO:0043234"""," ""GO:0002223"""," ""GO:0070062"""," ""GO:0045087"""," ""GO:0061630"""," ""GO:0006301"""," ""GO:0038095"""," ""GO:0005515"""," ""GO:0002755"""," ""GO:0000151"""," ""GO:0043123"""," ""GO:0000209"""," ""GO:0045893"""," ""GO:0051092"""," ""GO:0030154"""," ""GO:0005829"""," ""GO:0031625"""," ""GO:0050852"""," ""GO:0006355"""," ""GO:0005737"""," ""GO:0005634"")",,
"P22314 c(""GO:0019941"""," ""GO:0004839"""," ""GO:0000792"""," ""GO:0030867"""," ""GO:0005765"""," ""GO:0008641"""," ""GO:0010008"""," ""GO:0070062"""," ""GO:0044822"""," ""GO:0005515"""," ""GO:0030057"""," ""GO:0006974"""," ""GO:0005829"""," ""GO:0016567"""," ""GO:0004842"""," ""GO:0005739"""," ""GO:0005737"""," ""GO:0005634"""," ""GO:0005524"")",,,,,,,,,,,,,,,,,,
"Q969H8 c(""GO:0005793"""," ""GO:0036498"""," ""GO:0051897"""," ""GO:0014068"""," ""GO:0005788"""," ""GO:0043410"""," ""GO:0045766"""," ""GO:0001938"""," ""GO:0044267"""," ""GO:0001934"""," ""GO:0070062"""," ""GO:0005515"""," ""GO:0045944"""," ""GO:0030968"""," ""GO:0043066"""," ""GO:0006915"""," ""GO:0001525"""," ""GO:0005615"""," ""GO:0005576"")",,,,,,,,,,,,,,,,,,
"P00749 c(""GO:2000097"""," ""GO:0061041"""," ""GO:0014910"""," ""GO:0010469"""," ""GO:0042730"""," ""GO:0033628"""," ""GO:0006935"""," ""GO:0007596"""," ""GO:0009986"""," ""GO:0070062"""," ""GO:0005515"""," ""GO:0005925"""," ""GO:0007165"""," ""GO:0004252"""," ""GO:0006508"""," ""GO:0005886"""," ""GO:0005576"""," ""GO:0005615"""," ""GO:0042127"""," ""GO:0001666"""," ""GO:0014909"""," ""GO:0007283"""," ""GO:0016020"""," ""GO:0071333"""," ""GO:0071222"""," ""GO:0014911"""," ""GO:0042060"""," ""GO:0008284"""," ""GO:0071456"""," ""GO:0014823"""," ""GO:0071310"""," ""GO:0055093"""," ""GO:2000379"""," ""GO:0001525"""," ""GO:0008233"""," ""GO:0007566""", 
GO:0071498," ""GO:0070997"""," ""GO:0043403"""," ""GO:2000345"""," ""GO:0060279"""," ""GO:0035728"""," ""GO:0035729"""," ""GO:0072734"")",,,,,,,,,,,,,,,,,,,,,,,,,,,,,
"P18206 c(""GO:1990357"""," ""GO:0090637"""," ""GO:0090636"""," ""GO:0005915"""," ""GO:0030055"""," ""GO:0043297"""," ""GO:0002009"""," ""GO:0030336"""," ""GO:0043034"""," ""GO:0034394"""," ""GO:1903561"""," ""GO:0006928"""," ""GO:0002576"""," ""GO:0030032"""," ""GO:0070527"""," ""GO:0045294"""," ""GO:0006936"""," ""GO:0034333"""," ""GO:0005903"""," ""GO:0043234"""," ""GO:0007596"""," ""GO:0045121"""," ""GO:0070062"""," ""GO:0005515"""," ""GO:0005913"""," ""GO:0005911"""," ""GO:0005925"""," ""GO:0090136"""," ""GO:0045296"""," ""GO:0008013"""," ""GO:0005912"""," ""GO:0007160"""," ""GO:0051015"""," ""GO:0015629"""," ""GO:0005198"""," ""GO:0005829""", 
GO:0030168," ""GO:0031625"""," ""GO:0007155"""," ""GO:0005623"""," ""GO:0005856"""," ""GO:0003779"""," ""GO:0002162"""," ""GO:0005886"""," ""GO:0005576"""," ""GO:0005737"""," ""GO:0030334"""," ""GO:0048675"""," ""GO:0005916"")",,,,,,,,,,,,,,,,,,,,,,,,
,,,,,,,,,,,,,,,,,,,,,,,,,,,,,,,,,,,,
,,,,,,,,,,,,,,,,,,,,,,,,,,,,,,,,,,,,
,,,,,,,,,,,,,,,,,,,,,,,,,,,,,,,,,,,,
,,,,,,,,,,,,,,,,,,,,,,,,,,,,,,,,,,,,
,,,,,,,,,,,,,,,,,,,,,,,,,,,,,,,,,,,,
,,,,,,,,,,,,,,,,,,,,,,,,,,,,,,,,,,,,
,,,,,,,,,,,,,,,,,,,,,,,,,,,,,,,,,,,,
,,,,,,,,,,,,,,,,,,,,,,,,,,,,,,,,,,,,
,,,,,,,,,,,,,,,,,,,,,,,,,,,,,,,,,,,,
,,,,,,,,,,,,,,,,,,,,,,,,,,,,,,,,,,,,
,,,,,,,,,,,,,,,,,,,,,,,,,,,,,,,,,,,,
,,,,,,,,,,,,,,,,,,,,,,,,,,,,,,,,,,,,
,,,,,,,,,,,,,,,,,,,,,,,,,,,,,,,,,,,,
,,,,,,,,,,,,,,,,,,,,,,,,,,,,,,,,,,,,
,,,,,,,,,,,,,,,,,,,,,,,,,,,,,,,,,,,,
,,,,,,,,,,,,,,,,,,,,,,,,,,,,,,,,,,,,
,,,,,,,,,,,,,,,,,,,,,,,,,,,,,,,,,,,,
"candi<- ""P23396"" ""P62906"" ""P49207"" ""P06733"" ""P14625"" ""Q99729"" ""P61978"" ""O43390"" ""P22626"" ""P07910"" ""P62318""",,,,,,,,,,,,,,,,,,,,,,,,,,,,,,,,,,,,
